rmse,ensemble,n_mods
0.9317445269543676,uniform_weights,1
0.9087486635270278,uniform_weights,1
0.9402517538366466,uniform_weights,1
0.9286075576642839,uniform_weights,1
0.9232403598467991,uniform_weights,1
0.951501282509225,uniform_weights,1
0.9392887912003811,uniform_weights,1
0.9340189964190241,uniform_weights,1
0.9343036331919515,uniform_weights,1
0.9447705142564441,uniform_weights,1
0.9248106938068991,uniform_weights,1
0.9125002489160357,uniform_weights,1
0.9355083460835282,uniform_weights,1
0.9224087941982274,uniform_weights,1
0.9250979918747299,uniform_weights,1
0.954651732274805,uniform_weights,1
0.8969452144709782,uniform_weights,1
0.9308977990184686,uniform_weights,1
0.9124500321120006,uniform_weights,1
0.9296068588531098,uniform_weights,1
0.9309668766021131,uniform_weights,1
0.9409038880207548,uniform_weights,1
0.9355843502969847,uniform_weights,1
0.9509097065039956,uniform_weights,1
0.9427843016450544,uniform_weights,1
0.9474199019048192,uniform_weights,1
0.9179971893191072,uniform_weights,1
0.9341490011195838,uniform_weights,1
0.9285843125203371,uniform_weights,1
0.9465180536303854,uniform_weights,1
0.9485817933886038,uniform_weights,1
0.9235179747755476,uniform_weights,1
0.9435829594742638,uniform_weights,1
0.9284138670015086,uniform_weights,1
0.9145550271567441,uniform_weights,1
0.9482048197800368,uniform_weights,1
0.9187622288858468,uniform_weights,1
0.9315828529609246,uniform_weights,1
0.919328621351332,uniform_weights,1
0.9379208335753687,uniform_weights,1
0.9302098924059046,uniform_weights,1
0.9513947090421869,uniform_weights,1
0.9471737816678701,uniform_weights,1
0.9449506513356495,uniform_weights,1
0.9335329316225721,uniform_weights,1
0.923381680392771,uniform_weights,1
0.9271208226468851,uniform_weights,1
0.9198014241000525,uniform_weights,1
0.9183602580293645,uniform_weights,1
0.9323845551001493,uniform_weights,1
0.9388424188129938,uniform_by_type_weights,1
0.9328154629297303,uniform_by_type_weights,1
0.9383905657800484,uniform_by_type_weights,1
0.926875318237474,uniform_by_type_weights,1
0.927701033123356,uniform_by_type_weights,1
0.9276268270957414,uniform_by_type_weights,1
0.9250268155025242,uniform_by_type_weights,1
0.933039107200018,uniform_by_type_weights,1
0.9274624094678116,uniform_by_type_weights,1
0.9460376409386159,uniform_by_type_weights,1
0.9167002060649455,uniform_by_type_weights,1
0.9348790444716604,uniform_by_type_weights,1
0.9427870622598467,uniform_by_type_weights,1
0.9395548445909667,uniform_by_type_weights,1
0.9344305975426889,uniform_by_type_weights,1
0.9319279786210002,uniform_by_type_weights,1
0.9082247545281567,uniform_by_type_weights,1
0.9199458890572526,uniform_by_type_weights,1
0.9445181460883615,uniform_by_type_weights,1
0.9350165272572973,uniform_by_type_weights,1
0.9294071977249474,uniform_by_type_weights,1
0.914748471165972,uniform_by_type_weights,1
0.9235117683357182,uniform_by_type_weights,1
0.9486976457757954,uniform_by_type_weights,1
0.9207308031118323,uniform_by_type_weights,1
0.933472752502256,uniform_by_type_weights,1
0.9380860536869728,uniform_by_type_weights,1
0.9217687026716535,uniform_by_type_weights,1
0.9576139445589512,uniform_by_type_weights,1
0.9276458008383955,uniform_by_type_weights,1
0.9293836017314968,uniform_by_type_weights,1
0.9362906221024062,uniform_by_type_weights,1
0.9455684154523503,uniform_by_type_weights,1
0.9378141550917078,uniform_by_type_weights,1
0.9372257341404745,uniform_by_type_weights,1
0.9214835180278949,uniform_by_type_weights,1
0.9139560511265499,uniform_by_type_weights,1
0.9132719135778942,uniform_by_type_weights,1
0.9479948156257346,uniform_by_type_weights,1
0.9529406050021794,uniform_by_type_weights,1
0.9421725776981892,uniform_by_type_weights,1
0.9131806394075153,uniform_by_type_weights,1
0.915625623834328,uniform_by_type_weights,1
0.9453321071243534,uniform_by_type_weights,1
0.9249081691684152,uniform_by_type_weights,1
0.9123536750185818,uniform_by_type_weights,1
0.9250816486906276,uniform_by_type_weights,1
0.93624470696263,uniform_by_type_weights,1
0.9272424939188694,uniform_by_type_weights,1
0.9432012378549973,uniform_by_type_weights,1
0.9303190839350589,inv_std_weights,1
0.9268209850328428,inv_std_weights,1
0.9210389603420709,inv_std_weights,1
0.9176884586987283,inv_std_weights,1
0.9210170892592633,inv_std_weights,1
0.9390800942512724,inv_std_weights,1
0.9199314152975748,inv_std_weights,1
0.9457687628701698,inv_std_weights,1
0.9117735219445117,inv_std_weights,1
0.9041789561763265,inv_std_weights,1
0.928076392826364,inv_std_weights,1
0.9436065023340904,inv_std_weights,1
0.9378537691595287,inv_std_weights,1
0.9404506805214491,inv_std_weights,1
0.9321039848338244,inv_std_weights,1
0.9338875234986551,inv_std_weights,1
0.9277510912465841,inv_std_weights,1
0.927702723709478,inv_std_weights,1
0.917033167360707,inv_std_weights,1
0.9484739290192379,inv_std_weights,1
0.9189299449438237,inv_std_weights,1
0.9499317635541049,inv_std_weights,1
0.9408903773633722,inv_std_weights,1
0.9257393416759623,inv_std_weights,1
0.9346961570078851,inv_std_weights,1
0.9243438228472274,inv_std_weights,1
0.9331010926698462,inv_std_weights,1
0.9321380943133141,inv_std_weights,1
0.9408965313550901,inv_std_weights,1
0.9145775968710899,inv_std_weights,1
0.9202152202268234,inv_std_weights,1
0.9020341531013599,inv_std_weights,1
0.9149908541073973,inv_std_weights,1
0.941620790868932,inv_std_weights,1
0.9258719342879439,inv_std_weights,1
0.9197849784107266,inv_std_weights,1
0.9085528465746624,inv_std_weights,1
0.9348109376484736,inv_std_weights,1
0.9155541727085448,inv_std_weights,1
0.9418494016942736,inv_std_weights,1
0.9368537739449998,inv_std_weights,1
0.9289367940610245,inv_std_weights,1
0.9351168815281146,inv_std_weights,1
0.9185315074214468,inv_std_weights,1
0.9341661528766106,inv_std_weights,1
0.902672370014213,inv_std_weights,1
0.925399992681187,inv_std_weights,1
0.937986355083096,inv_std_weights,1
0.9340565620506684,inv_std_weights,1
0.9342122150899109,inv_std_weights,1
0.9346636226239601,inv_var_weights,1
0.9469179974458055,inv_var_weights,1
0.9057599183345535,inv_var_weights,1
0.9176986035836421,inv_var_weights,1
0.9122001501623732,inv_var_weights,1
0.9112440238797944,inv_var_weights,1
0.9468361596649774,inv_var_weights,1
0.9113973656617204,inv_var_weights,1
0.9207370096890427,inv_var_weights,1
0.9023379629088993,inv_var_weights,1
0.9349990832525303,inv_var_weights,1
0.9014132539135143,inv_var_weights,1
0.9036199783972119,inv_var_weights,1
0.9216445216618956,inv_var_weights,1
0.9189499282549527,inv_var_weights,1
0.9269083128098885,inv_var_weights,1
0.9382418143044908,inv_var_weights,1
0.9372772517758943,inv_var_weights,1
0.9220728097284647,inv_var_weights,1
0.9442978024651717,inv_var_weights,1
0.9299031375026648,inv_var_weights,1
0.9024312603988907,inv_var_weights,1
0.931558599236464,inv_var_weights,1
0.9107435913240259,inv_var_weights,1
0.9238911198996285,inv_var_weights,1
0.9256486872342801,inv_var_weights,1
0.91707019705348,inv_var_weights,1
0.9178299325536389,inv_var_weights,1
0.9446436591778754,inv_var_weights,1
0.9376148148612213,inv_var_weights,1
0.9129680661998241,inv_var_weights,1
0.9295799074158037,inv_var_weights,1
0.9317427288510635,inv_var_weights,1
0.921160521556295,inv_var_weights,1
0.9148253274498319,inv_var_weights,1
0.9111315259930959,inv_var_weights,1
0.9426221749600041,inv_var_weights,1
0.9484046961010635,inv_var_weights,1
0.9271683797382306,inv_var_weights,1
0.9313784180847193,inv_var_weights,1
0.9197019129089065,inv_var_weights,1
0.9326157784356804,inv_var_weights,1
0.9329056789971801,inv_var_weights,1
0.9382353151562727,inv_var_weights,1
0.9367716076459409,inv_var_weights,1
0.9293322539864061,inv_var_weights,1
0.9482417584583978,inv_var_weights,1
0.930232152069718,inv_var_weights,1
0.9374674566653474,inv_var_weights,1
0.938661043677261,inv_var_weights,1
0.9749379857185004,inv_rmse_weights,1
0.9873695908280102,inv_rmse_weights,1
0.9539841602658101,inv_rmse_weights,1
0.9594417500028916,inv_rmse_weights,1
0.9663858347648413,inv_rmse_weights,1
0.9691659218007539,inv_rmse_weights,1
0.9708970072399079,inv_rmse_weights,1
0.9816368981878325,inv_rmse_weights,1
0.9770415665394208,inv_rmse_weights,1
0.9665970083232084,inv_rmse_weights,1
0.9660701524083233,inv_rmse_weights,1
0.9769125269585877,inv_rmse_weights,1
0.9669791170733599,inv_rmse_weights,1
0.9641779450658428,inv_rmse_weights,1
0.9811591670692574,inv_rmse_weights,1
0.9691329857717041,inv_rmse_weights,1
0.9740783106726907,inv_rmse_weights,1
0.9812074696485915,inv_rmse_weights,1
0.9777876991390627,inv_rmse_weights,1
0.9675067861165747,inv_rmse_weights,1
0.9702565541443834,inv_rmse_weights,1
0.9744970411871478,inv_rmse_weights,1
0.9743025520208676,inv_rmse_weights,1
0.9914401719740579,inv_rmse_weights,1
0.9830311755684468,inv_rmse_weights,1
0.9654048935540434,inv_rmse_weights,1
0.9869866389974021,inv_rmse_weights,1
0.9625585283878706,inv_rmse_weights,1
0.9630250740362108,inv_rmse_weights,1
0.9742181887940738,inv_rmse_weights,1
0.9693359011610456,inv_rmse_weights,1
0.9675290743369371,inv_rmse_weights,1
0.9793878747787912,inv_rmse_weights,1
0.9634970918794658,inv_rmse_weights,1
0.9788804977603568,inv_rmse_weights,1
0.9692973160655992,inv_rmse_weights,1
0.9640392184696601,inv_rmse_weights,1
0.9530781664591823,inv_rmse_weights,1
0.9734490377198067,inv_rmse_weights,1
0.9641938614243554,inv_rmse_weights,1
0.9823066479906406,inv_rmse_weights,1
0.9892051289066678,inv_rmse_weights,1
0.972038009731178,inv_rmse_weights,1
0.9694083657691244,inv_rmse_weights,1
0.977508041585937,inv_rmse_weights,1
0.9665320166718191,inv_rmse_weights,1
0.9720874597155885,inv_rmse_weights,1
0.9715770954833254,inv_rmse_weights,1
0.9883988590398366,inv_rmse_weights,1
0.9814302098718511,inv_rmse_weights,1
0.9250660959256528,uniform_weights,2
0.9338907757266721,uniform_weights,2
0.9276467057653717,uniform_weights,2
0.9381832501115458,uniform_weights,2
0.9219543866430081,uniform_weights,2
0.9254532777516722,uniform_weights,2
0.9303088396504209,uniform_weights,2
0.9242076204756458,uniform_weights,2
0.9264167879503281,uniform_weights,2
0.91072327886272,uniform_weights,2
0.9301221998419483,uniform_weights,2
0.9337009307271862,uniform_weights,2
0.9281534919825457,uniform_weights,2
0.9350860865036612,uniform_weights,2
0.9286893872595019,uniform_weights,2
0.9473736724540335,uniform_weights,2
0.9286971794997715,uniform_weights,2
0.9286708044009686,uniform_weights,2
0.941655858674268,uniform_weights,2
0.9389347983162638,uniform_weights,2
0.9344517079231898,uniform_weights,2
0.9287395326358172,uniform_weights,2
0.9277709830087828,uniform_weights,2
0.9342817837275896,uniform_weights,2
0.9225554973055956,uniform_weights,2
0.9270515727318034,uniform_weights,2
0.9385517901279216,uniform_weights,2
0.9327924950710919,uniform_weights,2
0.9234835936347783,uniform_weights,2
0.949557022890179,uniform_weights,2
0.9098852847378719,uniform_weights,2
0.9249553991530031,uniform_weights,2
0.9247905205063603,uniform_weights,2
0.9387032210534088,uniform_weights,2
0.9133243589888039,uniform_weights,2
0.9385704756667222,uniform_weights,2
0.9275738962973173,uniform_weights,2
0.9329285082253186,uniform_weights,2
0.9295207785755185,uniform_weights,2
0.9270313136167143,uniform_weights,2
0.9292726813754464,uniform_weights,2
0.9483606243393792,uniform_weights,2
0.9326148507591195,uniform_weights,2
0.952087040436704,uniform_weights,2
0.9299554734515036,uniform_weights,2
0.9360406144541046,uniform_weights,2
0.9187835085781246,uniform_weights,2
0.9224360122975169,uniform_weights,2
0.941023143567741,uniform_weights,2
0.9371284579456346,uniform_weights,2
0.9241789411508886,uniform_by_type_weights,2
0.9238337097069401,uniform_by_type_weights,2
0.9338334463222272,uniform_by_type_weights,2
0.9317084980079907,uniform_by_type_weights,2
0.927546962957821,uniform_by_type_weights,2
0.9253148889702772,uniform_by_type_weights,2
0.9258717308016465,uniform_by_type_weights,2
0.9334459433727988,uniform_by_type_weights,2
0.9317043090918651,uniform_by_type_weights,2
0.9241136355986258,uniform_by_type_weights,2
0.9497735274130399,uniform_by_type_weights,2
0.9165100583705779,uniform_by_type_weights,2
0.925507983718345,uniform_by_type_weights,2
0.9377401920970277,uniform_by_type_weights,2
0.9219155066262484,uniform_by_type_weights,2
0.9261375736512337,uniform_by_type_weights,2
0.9311132905980903,uniform_by_type_weights,2
0.9455774138317609,uniform_by_type_weights,2
0.9342063820565256,uniform_by_type_weights,2
0.9394021792427538,uniform_by_type_weights,2
0.9271402175483971,uniform_by_type_weights,2
0.9313711009445875,uniform_by_type_weights,2
0.9312209960225188,uniform_by_type_weights,2
0.9287211244249993,uniform_by_type_weights,2
0.951608592581821,uniform_by_type_weights,2
0.930199275701744,uniform_by_type_weights,2
0.9384195770435927,uniform_by_type_weights,2
0.9295659651069174,uniform_by_type_weights,2
0.9184771161374046,uniform_by_type_weights,2
0.914999043389943,uniform_by_type_weights,2
0.926795058926243,uniform_by_type_weights,2
0.9286170506180046,uniform_by_type_weights,2
0.9189832256535392,uniform_by_type_weights,2
0.9328787568718597,uniform_by_type_weights,2
0.9199934088813873,uniform_by_type_weights,2
0.9231152806871876,uniform_by_type_weights,2
0.9301822500615669,uniform_by_type_weights,2
0.9399583201248466,uniform_by_type_weights,2
0.9302350728624302,uniform_by_type_weights,2
0.9244079154956331,uniform_by_type_weights,2
0.9376845581106317,uniform_by_type_weights,2
0.923606482392398,uniform_by_type_weights,2
0.9205239631279251,uniform_by_type_weights,2
0.9330683447004532,uniform_by_type_weights,2
0.922528948705542,uniform_by_type_weights,2
0.9500227383085355,uniform_by_type_weights,2
0.9410617079662184,uniform_by_type_weights,2
0.9310890545790053,uniform_by_type_weights,2
0.9260971671369739,uniform_by_type_weights,2
0.934671375829922,uniform_by_type_weights,2
0.9285590893776349,inv_std_weights,2
0.9229068150019828,inv_std_weights,2
0.9294540300325751,inv_std_weights,2
0.9287421754579375,inv_std_weights,2
0.9327051294691024,inv_std_weights,2
0.9210604629908674,inv_std_weights,2
0.9306062152933661,inv_std_weights,2
0.9421587723449609,inv_std_weights,2
0.9261666223335465,inv_std_weights,2
0.9158470044815592,inv_std_weights,2
0.928725995199893,inv_std_weights,2
0.9379173448145481,inv_std_weights,2
0.9206366686047746,inv_std_weights,2
0.9149018330075177,inv_std_weights,2
0.934413538656176,inv_std_weights,2
0.9348817867101161,inv_std_weights,2
0.9145468014851226,inv_std_weights,2
0.9286000086594355,inv_std_weights,2
0.9310195528219634,inv_std_weights,2
0.9168025119982346,inv_std_weights,2
0.9206200590267982,inv_std_weights,2
0.9223182123740409,inv_std_weights,2
0.9360475604893044,inv_std_weights,2
0.9036005302365597,inv_std_weights,2
0.9448921336319139,inv_std_weights,2
0.9250653321572757,inv_std_weights,2
0.9158507121976148,inv_std_weights,2
0.9052062322124308,inv_std_weights,2
0.9012246853530387,inv_std_weights,2
0.9224920007760485,inv_std_weights,2
0.9222737704232834,inv_std_weights,2
0.9304050500806051,inv_std_weights,2
0.9301953404736915,inv_std_weights,2
0.9142748890091378,inv_std_weights,2
0.9281256168108049,inv_std_weights,2
0.9296404041468599,inv_std_weights,2
0.9192817911297775,inv_std_weights,2
0.917782864174999,inv_std_weights,2
0.9380152810221005,inv_std_weights,2
0.9281300754800197,inv_std_weights,2
0.933335241028296,inv_std_weights,2
0.9159577364678907,inv_std_weights,2
0.9452588133264475,inv_std_weights,2
0.9384618174336464,inv_std_weights,2
0.9186029883103625,inv_std_weights,2
0.9277281724667389,inv_std_weights,2
0.934048768807069,inv_std_weights,2
0.9208698098207757,inv_std_weights,2
0.9308700467579648,inv_std_weights,2
0.9342264102927342,inv_std_weights,2
0.9203528162073065,inv_var_weights,2
0.9283913467090532,inv_var_weights,2
0.9200579688183896,inv_var_weights,2
0.9201713120369228,inv_var_weights,2
0.9246381258886496,inv_var_weights,2
0.9214940407957375,inv_var_weights,2
0.9102628021266351,inv_var_weights,2
0.9154881429337512,inv_var_weights,2
0.9194733547591573,inv_var_weights,2
0.9209205407473994,inv_var_weights,2
0.9340561667341201,inv_var_weights,2
0.9238613142172148,inv_var_weights,2
0.924097016571249,inv_var_weights,2
0.929486094439659,inv_var_weights,2
0.9334080174048525,inv_var_weights,2
0.9221673100311197,inv_var_weights,2
0.912700921261485,inv_var_weights,2
0.9232706756010437,inv_var_weights,2
0.9189407163360365,inv_var_weights,2
0.9245714244595339,inv_var_weights,2
0.9400803218178503,inv_var_weights,2
0.9293252536990558,inv_var_weights,2
0.9210316332043917,inv_var_weights,2
0.9321877556852028,inv_var_weights,2
0.9040673920810287,inv_var_weights,2
0.938829101125325,inv_var_weights,2
0.9288758056019903,inv_var_weights,2
0.9212510973996524,inv_var_weights,2
0.9188730944962804,inv_var_weights,2
0.9357869500532605,inv_var_weights,2
0.9398950795637502,inv_var_weights,2
0.9318813716128255,inv_var_weights,2
0.9289231981112173,inv_var_weights,2
0.9446436724799955,inv_var_weights,2
0.9205951983204477,inv_var_weights,2
0.9243593781530802,inv_var_weights,2
0.9291729639747255,inv_var_weights,2
0.9357658787846622,inv_var_weights,2
0.9124751395708902,inv_var_weights,2
0.9409406553987489,inv_var_weights,2
0.9217403978542786,inv_var_weights,2
0.9156326184315686,inv_var_weights,2
0.9259816473066229,inv_var_weights,2
0.9103839994650565,inv_var_weights,2
0.9511444563381415,inv_var_weights,2
0.9183254109434167,inv_var_weights,2
0.9149073172588257,inv_var_weights,2
0.9034739913721892,inv_var_weights,2
0.9178411119083443,inv_var_weights,2
0.913200684152974,inv_var_weights,2
0.9595979419611569,inv_rmse_weights,2
0.9776171004098935,inv_rmse_weights,2
0.9759734016776589,inv_rmse_weights,2
0.9632047326614603,inv_rmse_weights,2
0.9696752229559468,inv_rmse_weights,2
0.9665936056080876,inv_rmse_weights,2
0.9763706187748307,inv_rmse_weights,2
0.9663689584453031,inv_rmse_weights,2
0.9710017688381289,inv_rmse_weights,2
0.9738993104139506,inv_rmse_weights,2
0.9612030079004226,inv_rmse_weights,2
0.9719378934415186,inv_rmse_weights,2
0.97158714256392,inv_rmse_weights,2
0.980979658099011,inv_rmse_weights,2
0.973747002513483,inv_rmse_weights,2
0.9684044179368251,inv_rmse_weights,2
0.9777431453184504,inv_rmse_weights,2
0.967247419412467,inv_rmse_weights,2
0.963770911171902,inv_rmse_weights,2
0.9748903882408148,inv_rmse_weights,2
0.9870671580766689,inv_rmse_weights,2
0.9775207822537214,inv_rmse_weights,2
0.9599470726103781,inv_rmse_weights,2
0.9701642397816621,inv_rmse_weights,2
0.9545374612432453,inv_rmse_weights,2
0.9719334906245011,inv_rmse_weights,2
0.975927812300467,inv_rmse_weights,2
0.9941042990743723,inv_rmse_weights,2
0.9713495049151644,inv_rmse_weights,2
0.9760754548974412,inv_rmse_weights,2
0.9731707518821551,inv_rmse_weights,2
0.9658794667100179,inv_rmse_weights,2
0.9744920837735807,inv_rmse_weights,2
0.9730522780439615,inv_rmse_weights,2
0.9750478441227225,inv_rmse_weights,2
0.9844272513037433,inv_rmse_weights,2
0.9597714286918575,inv_rmse_weights,2
0.9681795154964432,inv_rmse_weights,2
0.9809332066699529,inv_rmse_weights,2
0.9635352663433866,inv_rmse_weights,2
0.9781794211761264,inv_rmse_weights,2
0.9817873198778254,inv_rmse_weights,2
0.9619611726795306,inv_rmse_weights,2
0.9616776548913368,inv_rmse_weights,2
0.9743592858305425,inv_rmse_weights,2
0.9746070937290499,inv_rmse_weights,2
0.9854672848795055,inv_rmse_weights,2
0.9830225496663161,inv_rmse_weights,2
0.9669231631263239,inv_rmse_weights,2
0.9713135272738723,inv_rmse_weights,2
0.9440193114359079,uniform_weights,3
0.9204811736825949,uniform_weights,3
0.9277158285926812,uniform_weights,3
0.9387261754092306,uniform_weights,3
0.9367764219670195,uniform_weights,3
0.9307745980325373,uniform_weights,3
0.9224489911650418,uniform_weights,3
0.9249781298924169,uniform_weights,3
0.9333672457223873,uniform_weights,3
0.9315222538789842,uniform_weights,3
0.928221669665209,uniform_weights,3
0.9381763176889087,uniform_weights,3
0.9313569964969934,uniform_weights,3
0.9192271878946342,uniform_weights,3
0.9456907693557728,uniform_weights,3
0.9254374405071721,uniform_weights,3
0.9302477335410664,uniform_weights,3
0.9339129718264141,uniform_weights,3
0.9440371031511899,uniform_weights,3
0.9184476968886944,uniform_weights,3
0.935333943322434,uniform_weights,3
0.9287337663440498,uniform_weights,3
0.9268173541012485,uniform_weights,3
0.926283213377116,uniform_weights,3
0.9307555689776923,uniform_weights,3
0.9327306797848254,uniform_weights,3
0.934250505289869,uniform_weights,3
0.9142584575644619,uniform_weights,3
0.9369240514760965,uniform_weights,3
0.9332453624580924,uniform_weights,3
0.9349777787270387,uniform_weights,3
0.92063842549509,uniform_weights,3
0.9349270536037488,uniform_weights,3
0.9370629864253072,uniform_weights,3
0.9406939312369282,uniform_weights,3
0.9365940574080548,uniform_weights,3
0.9360574212628783,uniform_weights,3
0.9381367175166087,uniform_weights,3
0.9373482337772868,uniform_weights,3
0.931464764500097,uniform_weights,3
0.9349469727141052,uniform_weights,3
0.9321277222138893,uniform_weights,3
0.9317490063063835,uniform_weights,3
0.9312611732033306,uniform_weights,3
0.9298885131576563,uniform_weights,3
0.9269321229870982,uniform_weights,3
0.9241830397424157,uniform_weights,3
0.9448128068931871,uniform_weights,3
0.9327309599893728,uniform_weights,3
0.9309754005873879,uniform_weights,3
0.9293503018736623,uniform_by_type_weights,3
0.9266522720156747,uniform_by_type_weights,3
0.9441218682033483,uniform_by_type_weights,3
0.932738594573177,uniform_by_type_weights,3
0.9270133625858302,uniform_by_type_weights,3
0.940528275867056,uniform_by_type_weights,3
0.9350521858096728,uniform_by_type_weights,3
0.9399587919258894,uniform_by_type_weights,3
0.93500284756949,uniform_by_type_weights,3
0.930255362625975,uniform_by_type_weights,3
0.9275791109948054,uniform_by_type_weights,3
0.9321692534996896,uniform_by_type_weights,3
0.930054850613391,uniform_by_type_weights,3
0.9155153166351697,uniform_by_type_weights,3
0.9277790128010366,uniform_by_type_weights,3
0.9269567984331069,uniform_by_type_weights,3
0.9277822889248228,uniform_by_type_weights,3
0.9325968030357897,uniform_by_type_weights,3
0.9326314306990746,uniform_by_type_weights,3
0.9253194757990365,uniform_by_type_weights,3
0.9343322095422206,uniform_by_type_weights,3
0.933458725443763,uniform_by_type_weights,3
0.9299670133860145,uniform_by_type_weights,3
0.9303888285660078,uniform_by_type_weights,3
0.9206943996801266,uniform_by_type_weights,3
0.9273138810643412,uniform_by_type_weights,3
0.9396431937894785,uniform_by_type_weights,3
0.9272319354799908,uniform_by_type_weights,3
0.9448873707725756,uniform_by_type_weights,3
0.9206099046177791,uniform_by_type_weights,3
0.9452951357183188,uniform_by_type_weights,3
0.9311708342326793,uniform_by_type_weights,3
0.9305128927080931,uniform_by_type_weights,3
0.9291893886525262,uniform_by_type_weights,3
0.9136447807988084,uniform_by_type_weights,3
0.9292141361942442,uniform_by_type_weights,3
0.9355370392835158,uniform_by_type_weights,3
0.9453824721433445,uniform_by_type_weights,3
0.9309748986691879,uniform_by_type_weights,3
0.9335219121994263,uniform_by_type_weights,3
0.9419095046441662,uniform_by_type_weights,3
0.9395210444370923,uniform_by_type_weights,3
0.9221825162269586,uniform_by_type_weights,3
0.9296066304210712,uniform_by_type_weights,3
0.9242105773433071,uniform_by_type_weights,3
0.9414774057824518,uniform_by_type_weights,3
0.9401086913125518,uniform_by_type_weights,3
0.9408243261359539,uniform_by_type_weights,3
0.9407179280553439,uniform_by_type_weights,3
0.9245439850561691,uniform_by_type_weights,3
0.9265813934328755,inv_std_weights,3
0.9314348894197434,inv_std_weights,3
0.92441023894683,inv_std_weights,3
0.9375919942026124,inv_std_weights,3
0.9253018942732134,inv_std_weights,3
0.9297006279142828,inv_std_weights,3
0.9260205359462438,inv_std_weights,3
0.9335069539322715,inv_std_weights,3
0.932580932106009,inv_std_weights,3
0.9299600837911113,inv_std_weights,3
0.9241320418232866,inv_std_weights,3
0.9132174322692754,inv_std_weights,3
0.9361601691107888,inv_std_weights,3
0.9278446691831277,inv_std_weights,3
0.9369983331796086,inv_std_weights,3
0.9308015424615954,inv_std_weights,3
0.9385157458455661,inv_std_weights,3
0.9235360087841964,inv_std_weights,3
0.9315069183651785,inv_std_weights,3
0.9222603829690327,inv_std_weights,3
0.9300077071548886,inv_std_weights,3
0.9264022317583529,inv_std_weights,3
0.9330790337449438,inv_std_weights,3
0.9334153274919802,inv_std_weights,3
0.92641250122138,inv_std_weights,3
0.9278817240955728,inv_std_weights,3
0.9352722917475073,inv_std_weights,3
0.9367678600663255,inv_std_weights,3
0.9250277303201112,inv_std_weights,3
0.9270390090678188,inv_std_weights,3
0.9238883946268291,inv_std_weights,3
0.9241775246171527,inv_std_weights,3
0.9335849748325958,inv_std_weights,3
0.9219685042456998,inv_std_weights,3
0.9181969579017849,inv_std_weights,3
0.9265657251206517,inv_std_weights,3
0.9138629674680095,inv_std_weights,3
0.9123524994229232,inv_std_weights,3
0.9305061962637466,inv_std_weights,3
0.9338364012416249,inv_std_weights,3
0.9297433628962478,inv_std_weights,3
0.9405834935464509,inv_std_weights,3
0.9301069704950788,inv_std_weights,3
0.9386465491267882,inv_std_weights,3
0.9323463908338295,inv_std_weights,3
0.923724068055355,inv_std_weights,3
0.9256055542354233,inv_std_weights,3
0.928192948498833,inv_std_weights,3
0.9322712835907027,inv_std_weights,3
0.9229597476371207,inv_std_weights,3
0.924990501063718,inv_var_weights,3
0.9299340619807468,inv_var_weights,3
0.9227950507502204,inv_var_weights,3
0.9212896097184344,inv_var_weights,3
0.9227844639891309,inv_var_weights,3
0.9381602941832566,inv_var_weights,3
0.9269891388962473,inv_var_weights,3
0.9360418470380297,inv_var_weights,3
0.9069856071939901,inv_var_weights,3
0.9235572056420933,inv_var_weights,3
0.9278925417498861,inv_var_weights,3
0.9203659165101752,inv_var_weights,3
0.9359591840674257,inv_var_weights,3
0.9154045666852537,inv_var_weights,3
0.9150051584207358,inv_var_weights,3
0.9288941121653546,inv_var_weights,3
0.9191857182521098,inv_var_weights,3
0.9280435945141765,inv_var_weights,3
0.9215165381983833,inv_var_weights,3
0.9233722701135559,inv_var_weights,3
0.9281869435366119,inv_var_weights,3
0.925590929145215,inv_var_weights,3
0.9365840238150733,inv_var_weights,3
0.9264493026926354,inv_var_weights,3
0.9203446093861284,inv_var_weights,3
0.9185422636608567,inv_var_weights,3
0.9131076328747955,inv_var_weights,3
0.9296592024102857,inv_var_weights,3
0.9224434941470528,inv_var_weights,3
0.9201765458534209,inv_var_weights,3
0.9269745965923886,inv_var_weights,3
0.9192210921705817,inv_var_weights,3
0.915583551436108,inv_var_weights,3
0.9329800828842675,inv_var_weights,3
0.9316382189235345,inv_var_weights,3
0.9248753237895014,inv_var_weights,3
0.9229323285281146,inv_var_weights,3
0.9152312426055362,inv_var_weights,3
0.9266966458297985,inv_var_weights,3
0.923602500838415,inv_var_weights,3
0.9298154493975057,inv_var_weights,3
0.9243722327355557,inv_var_weights,3
0.9235235462438335,inv_var_weights,3
0.928056211960493,inv_var_weights,3
0.9283112400759573,inv_var_weights,3
0.9255225613346827,inv_var_weights,3
0.9153088276368134,inv_var_weights,3
0.9272572896365806,inv_var_weights,3
0.924397129984295,inv_var_weights,3
0.9335838963776512,inv_var_weights,3
0.9723112689510638,inv_rmse_weights,3
0.9671068887435991,inv_rmse_weights,3
0.973129043490405,inv_rmse_weights,3
0.9771991184167084,inv_rmse_weights,3
0.9768281265624638,inv_rmse_weights,3
0.9705420841861867,inv_rmse_weights,3
0.959405972345022,inv_rmse_weights,3
0.9678101965629976,inv_rmse_weights,3
0.9772400051734195,inv_rmse_weights,3
0.9815248115576605,inv_rmse_weights,3
0.974301115246547,inv_rmse_weights,3
0.9613591546422551,inv_rmse_weights,3
0.9694406134760886,inv_rmse_weights,3
0.9699024469667747,inv_rmse_weights,3
0.969623639118081,inv_rmse_weights,3
0.9622520569950265,inv_rmse_weights,3
0.9843352208123166,inv_rmse_weights,3
0.9714588395217036,inv_rmse_weights,3
0.9727502602410759,inv_rmse_weights,3
0.9744370588162401,inv_rmse_weights,3
0.9693625492006736,inv_rmse_weights,3
0.9777255286493942,inv_rmse_weights,3
0.9789680208099006,inv_rmse_weights,3
0.9807411082442101,inv_rmse_weights,3
0.9772131233247404,inv_rmse_weights,3
0.976548317094001,inv_rmse_weights,3
0.9671028416399918,inv_rmse_weights,3
0.9727656069334673,inv_rmse_weights,3
0.9821890985317604,inv_rmse_weights,3
0.9639351417625719,inv_rmse_weights,3
0.9647135570892112,inv_rmse_weights,3
0.9714487285856945,inv_rmse_weights,3
0.969202310808568,inv_rmse_weights,3
0.9722428067358393,inv_rmse_weights,3
0.9709538879271751,inv_rmse_weights,3
0.9829169217914603,inv_rmse_weights,3
0.9741988921081679,inv_rmse_weights,3
0.970296196438469,inv_rmse_weights,3
0.9712969699121411,inv_rmse_weights,3
0.9652376272254207,inv_rmse_weights,3
0.9741324800289974,inv_rmse_weights,3
0.9732279743753682,inv_rmse_weights,3
0.9671396612109652,inv_rmse_weights,3
0.9754230081534138,inv_rmse_weights,3
0.9762831774272555,inv_rmse_weights,3
0.9728241223769165,inv_rmse_weights,3
0.9662021995445668,inv_rmse_weights,3
0.9703110654040414,inv_rmse_weights,3
0.9624558908660649,inv_rmse_weights,3
0.9696572423451252,inv_rmse_weights,3
0.9325924993261661,uniform_weights,4
0.9340599242323144,uniform_weights,4
0.9289026183052164,uniform_weights,4
0.9312813252746641,uniform_weights,4
0.9319218393304461,uniform_weights,4
0.9328831391489212,uniform_weights,4
0.9281198590077869,uniform_weights,4
0.9283789653413446,uniform_weights,4
0.9274085514952201,uniform_weights,4
0.9307054231735922,uniform_weights,4
0.9318620024990094,uniform_weights,4
0.9333482400716436,uniform_weights,4
0.9339437407940745,uniform_weights,4
0.9271166993076517,uniform_weights,4
0.9194590037936735,uniform_weights,4
0.9325887998002229,uniform_weights,4
0.9319811675441678,uniform_weights,4
0.9295331406197923,uniform_weights,4
0.9351113488716097,uniform_weights,4
0.9311011681451705,uniform_weights,4
0.9335771400248312,uniform_weights,4
0.9329494478889881,uniform_weights,4
0.9220303030743079,uniform_weights,4
0.9297848256796883,uniform_weights,4
0.9331266568920256,uniform_weights,4
0.9227784593425642,uniform_weights,4
0.9373537068699864,uniform_weights,4
0.924287532624897,uniform_weights,4
0.9189671528467752,uniform_weights,4
0.9190379040517483,uniform_weights,4
0.9275564975003437,uniform_weights,4
0.9296241769480565,uniform_weights,4
0.9410663097154676,uniform_weights,4
0.939912268326828,uniform_weights,4
0.9306701665094925,uniform_weights,4
0.9349473142512548,uniform_weights,4
0.9236053567060081,uniform_weights,4
0.9345339547365819,uniform_weights,4
0.9283998061476286,uniform_weights,4
0.9316735188100197,uniform_weights,4
0.9256470891690306,uniform_weights,4
0.9265964627056091,uniform_weights,4
0.9297493971633585,uniform_weights,4
0.9245082453288899,uniform_weights,4
0.9296948489942519,uniform_weights,4
0.932064741439373,uniform_weights,4
0.9346370964912218,uniform_weights,4
0.9233115776678243,uniform_weights,4
0.9186351050012701,uniform_weights,4
0.9328609872246176,uniform_weights,4
0.9310760490506684,uniform_by_type_weights,4
0.9202942762793321,uniform_by_type_weights,4
0.9164097087225106,uniform_by_type_weights,4
0.9229481309137245,uniform_by_type_weights,4
0.934864235984739,uniform_by_type_weights,4
0.9214568600909815,uniform_by_type_weights,4
0.9290759879612199,uniform_by_type_weights,4
0.9229017646174315,uniform_by_type_weights,4
0.9252061840869323,uniform_by_type_weights,4
0.9428337222481828,uniform_by_type_weights,4
0.9260397816968065,uniform_by_type_weights,4
0.9253167160749187,uniform_by_type_weights,4
0.9343174164548328,uniform_by_type_weights,4
0.9365573821676071,uniform_by_type_weights,4
0.9343456909922249,uniform_by_type_weights,4
0.9199169048070015,uniform_by_type_weights,4
0.9258238593749282,uniform_by_type_weights,4
0.9280386909812862,uniform_by_type_weights,4
0.9318708272217873,uniform_by_type_weights,4
0.9316143787981869,uniform_by_type_weights,4
0.9238411365145823,uniform_by_type_weights,4
0.9292093921628853,uniform_by_type_weights,4
0.9278189065271069,uniform_by_type_weights,4
0.9354852293520547,uniform_by_type_weights,4
0.9330083646440246,uniform_by_type_weights,4
0.9352156051771631,uniform_by_type_weights,4
0.927421080730992,uniform_by_type_weights,4
0.9258178276492306,uniform_by_type_weights,4
0.9342767273483443,uniform_by_type_weights,4
0.9232776288329485,uniform_by_type_weights,4
0.9303512590416426,uniform_by_type_weights,4
0.9284273793046004,uniform_by_type_weights,4
0.9229992220288086,uniform_by_type_weights,4
0.9357880332488321,uniform_by_type_weights,4
0.936902592443271,uniform_by_type_weights,4
0.9265551976025742,uniform_by_type_weights,4
0.9212542836906844,uniform_by_type_weights,4
0.9345731510791242,uniform_by_type_weights,4
0.9281377766438527,uniform_by_type_weights,4
0.9271963373050407,uniform_by_type_weights,4
0.922903937649179,uniform_by_type_weights,4
0.9223780534483281,uniform_by_type_weights,4
0.9383173809001525,uniform_by_type_weights,4
0.9195121122402449,uniform_by_type_weights,4
0.9226962548424885,uniform_by_type_weights,4
0.9334379684255991,uniform_by_type_weights,4
0.9260837198940748,uniform_by_type_weights,4
0.922157713145511,uniform_by_type_weights,4
0.926728690226982,uniform_by_type_weights,4
0.9286270212422092,uniform_by_type_weights,4
0.9232645846683899,inv_std_weights,4
0.9379804377617229,inv_std_weights,4
0.9200479425462393,inv_std_weights,4
0.9323466199660484,inv_std_weights,4
0.9273917713543942,inv_std_weights,4
0.9343228398285902,inv_std_weights,4
0.9242733624537725,inv_std_weights,4
0.9185388406582754,inv_std_weights,4
0.9291674418916971,inv_std_weights,4
0.9251342021713077,inv_std_weights,4
0.9278380085371376,inv_std_weights,4
0.9194772264654495,inv_std_weights,4
0.930774546811198,inv_std_weights,4
0.9300108807096683,inv_std_weights,4
0.9222993591233873,inv_std_weights,4
0.9256025294654622,inv_std_weights,4
0.9296849284979438,inv_std_weights,4
0.9288926274574274,inv_std_weights,4
0.9328547908675902,inv_std_weights,4
0.9263854031234782,inv_std_weights,4
0.9327844280996513,inv_std_weights,4
0.9276903914815896,inv_std_weights,4
0.9193044946843729,inv_std_weights,4
0.9307873775255734,inv_std_weights,4
0.9299157482969129,inv_std_weights,4
0.9251556532283459,inv_std_weights,4
0.9342285689607728,inv_std_weights,4
0.9333042327662096,inv_std_weights,4
0.9184057051983611,inv_std_weights,4
0.9300461551077689,inv_std_weights,4
0.9260331029380203,inv_std_weights,4
0.9251723599504075,inv_std_weights,4
0.9231928541211766,inv_std_weights,4
0.9267997082320095,inv_std_weights,4
0.9240262293460653,inv_std_weights,4
0.9410051348924227,inv_std_weights,4
0.9316262268788658,inv_std_weights,4
0.9309037375677384,inv_std_weights,4
0.9246367338171901,inv_std_weights,4
0.9222519087373036,inv_std_weights,4
0.9260879397181114,inv_std_weights,4
0.92952008666968,inv_std_weights,4
0.9299140529740387,inv_std_weights,4
0.9363582958843899,inv_std_weights,4
0.9257156094079366,inv_std_weights,4
0.9360196325678599,inv_std_weights,4
0.9264646283910761,inv_std_weights,4
0.9332144496968701,inv_std_weights,4
0.9289668147400274,inv_std_weights,4
0.9160197102909715,inv_std_weights,4
0.9324975374392926,inv_var_weights,4
0.9205730781874583,inv_var_weights,4
0.9147804864006908,inv_var_weights,4
0.9201592938886841,inv_var_weights,4
0.9259732706463356,inv_var_weights,4
0.9201875441088891,inv_var_weights,4
0.9204613789113606,inv_var_weights,4
0.9164893247456539,inv_var_weights,4
0.9209351002036646,inv_var_weights,4
0.9312375492431243,inv_var_weights,4
0.9351053059027408,inv_var_weights,4
0.9241402901427,inv_var_weights,4
0.9310972879205127,inv_var_weights,4
0.9249579712634022,inv_var_weights,4
0.9178863807667644,inv_var_weights,4
0.9252653999522249,inv_var_weights,4
0.925886973670454,inv_var_weights,4
0.924942903345504,inv_var_weights,4
0.9299120666372666,inv_var_weights,4
0.931804238443764,inv_var_weights,4
0.920409557466541,inv_var_weights,4
0.9267828190294649,inv_var_weights,4
0.9192041389436717,inv_var_weights,4
0.9148011549666321,inv_var_weights,4
0.9300370861062076,inv_var_weights,4
0.9174764499778751,inv_var_weights,4
0.9283573608571354,inv_var_weights,4
0.9297153849402942,inv_var_weights,4
0.9243426976224188,inv_var_weights,4
0.9204018293982664,inv_var_weights,4
0.9190167564127152,inv_var_weights,4
0.9344410395733338,inv_var_weights,4
0.9246387463102459,inv_var_weights,4
0.9268166708075465,inv_var_weights,4
0.9173704951794562,inv_var_weights,4
0.919366201897436,inv_var_weights,4
0.9173411649634021,inv_var_weights,4
0.923941554265777,inv_var_weights,4
0.9181734940966116,inv_var_weights,4
0.9179819872042296,inv_var_weights,4
0.9260863857187838,inv_var_weights,4
0.9236819805664392,inv_var_weights,4
0.9302212512757551,inv_var_weights,4
0.9287811001392159,inv_var_weights,4
0.9237748641946173,inv_var_weights,4
0.9225172351981005,inv_var_weights,4
0.9207075431679032,inv_var_weights,4
0.9231938798049351,inv_var_weights,4
0.9223309159475513,inv_var_weights,4
0.9247488580913563,inv_var_weights,4
0.966713712889394,inv_rmse_weights,4
0.9654000740421391,inv_rmse_weights,4
0.9700624862736477,inv_rmse_weights,4
0.9699536001776472,inv_rmse_weights,4
0.9677783079584923,inv_rmse_weights,4
0.9625644381580021,inv_rmse_weights,4
0.9704884420084942,inv_rmse_weights,4
0.9813218065142237,inv_rmse_weights,4
0.9673124976608342,inv_rmse_weights,4
0.9692125079863135,inv_rmse_weights,4
0.9741239039726717,inv_rmse_weights,4
0.9764601188254687,inv_rmse_weights,4
0.97293014135851,inv_rmse_weights,4
0.9702437140409761,inv_rmse_weights,4
0.9593365531273618,inv_rmse_weights,4
0.9632339942818913,inv_rmse_weights,4
0.9725705045302137,inv_rmse_weights,4
0.9715934718815813,inv_rmse_weights,4
0.9786782002969965,inv_rmse_weights,4
0.9727353692410128,inv_rmse_weights,4
0.9717161122176272,inv_rmse_weights,4
0.9771199535960211,inv_rmse_weights,4
0.9805350476910617,inv_rmse_weights,4
0.9734148221730069,inv_rmse_weights,4
0.9757936055536344,inv_rmse_weights,4
0.969432250702336,inv_rmse_weights,4
0.9659641910072032,inv_rmse_weights,4
0.9699104707456735,inv_rmse_weights,4
0.9729348793208668,inv_rmse_weights,4
0.9630969155303958,inv_rmse_weights,4
0.9787200896990579,inv_rmse_weights,4
0.9780473720779588,inv_rmse_weights,4
0.9614838996480791,inv_rmse_weights,4
0.9678085241197275,inv_rmse_weights,4
0.9675057804450213,inv_rmse_weights,4
0.9683643873914655,inv_rmse_weights,4
0.9699671532443381,inv_rmse_weights,4
0.9664626678161985,inv_rmse_weights,4
0.9709788073257019,inv_rmse_weights,4
0.9686224813459743,inv_rmse_weights,4
0.9683182813250718,inv_rmse_weights,4
0.9742771707439012,inv_rmse_weights,4
0.9750990842360819,inv_rmse_weights,4
0.96351829445542,inv_rmse_weights,4
0.9735020215218672,inv_rmse_weights,4
0.9705932185866656,inv_rmse_weights,4
0.9685446329789996,inv_rmse_weights,4
0.9712271431771814,inv_rmse_weights,4
0.9669934246035793,inv_rmse_weights,4
0.9701019969351347,inv_rmse_weights,4
0.9224658181056258,uniform_weights,5
0.9320924879848668,uniform_weights,5
0.9265264014582604,uniform_weights,5
0.9216919569970009,uniform_weights,5
0.9336639979692576,uniform_weights,5
0.925516679691217,uniform_weights,5
0.9323682628125407,uniform_weights,5
0.9319362503501945,uniform_weights,5
0.9368700346783411,uniform_weights,5
0.9303873539911063,uniform_weights,5
0.9330553143602722,uniform_weights,5
0.936028273389,uniform_weights,5
0.9210345338042019,uniform_weights,5
0.9234124432629733,uniform_weights,5
0.9254248952091056,uniform_weights,5
0.9267619797448131,uniform_weights,5
0.9314235575033187,uniform_weights,5
0.9340413375372446,uniform_weights,5
0.9233478306079932,uniform_weights,5
0.939592108886407,uniform_weights,5
0.9272210191339563,uniform_weights,5
0.9178044017685045,uniform_weights,5
0.9201792343212292,uniform_weights,5
0.9430585344377864,uniform_weights,5
0.9344269817359929,uniform_weights,5
0.9270942550552735,uniform_weights,5
0.930848491445441,uniform_weights,5
0.9269018372958201,uniform_weights,5
0.9199957536144058,uniform_weights,5
0.9199501427925841,uniform_weights,5
0.9278869101117452,uniform_weights,5
0.9345748573927843,uniform_weights,5
0.9262983227808455,uniform_weights,5
0.923620912223924,uniform_weights,5
0.9216217375429627,uniform_weights,5
0.9326037577253861,uniform_weights,5
0.9294462722399376,uniform_weights,5
0.9302869835806862,uniform_weights,5
0.9330158208198124,uniform_weights,5
0.9305018349871542,uniform_weights,5
0.9245159400542373,uniform_weights,5
0.9249827692185602,uniform_weights,5
0.9267711638093601,uniform_weights,5
0.9278621350053681,uniform_weights,5
0.9351848017064014,uniform_weights,5
0.9251563538591907,uniform_weights,5
0.932399510931209,uniform_weights,5
0.9320274200438282,uniform_weights,5
0.9290695884121352,uniform_weights,5
0.9283277889203677,uniform_weights,5
0.9336835389130385,uniform_by_type_weights,5
0.9437016907770726,uniform_by_type_weights,5
0.9248529457301876,uniform_by_type_weights,5
0.9347942364293367,uniform_by_type_weights,5
0.9267203180849062,uniform_by_type_weights,5
0.929764342615065,uniform_by_type_weights,5
0.930450459691153,uniform_by_type_weights,5
0.9305168421454196,uniform_by_type_weights,5
0.9213417167111276,uniform_by_type_weights,5
0.9261201748868885,uniform_by_type_weights,5
0.9331314691268319,uniform_by_type_weights,5
0.937429567055264,uniform_by_type_weights,5
0.9260746776228299,uniform_by_type_weights,5
0.9254358108432592,uniform_by_type_weights,5
0.9167719886014093,uniform_by_type_weights,5
0.9230913319008119,uniform_by_type_weights,5
0.9291817341602595,uniform_by_type_weights,5
0.9333929374958295,uniform_by_type_weights,5
0.935348383314068,uniform_by_type_weights,5
0.9351449081727843,uniform_by_type_weights,5
0.933653408809824,uniform_by_type_weights,5
0.9335921207150659,uniform_by_type_weights,5
0.9263222891459223,uniform_by_type_weights,5
0.9232373933766953,uniform_by_type_weights,5
0.9290685342292804,uniform_by_type_weights,5
0.9376844945446166,uniform_by_type_weights,5
0.9261707716252464,uniform_by_type_weights,5
0.9370480171944684,uniform_by_type_weights,5
0.9325005000288878,uniform_by_type_weights,5
0.9379308466707349,uniform_by_type_weights,5
0.9405426824391449,uniform_by_type_weights,5
0.9325207854530618,uniform_by_type_weights,5
0.9192792689472022,uniform_by_type_weights,5
0.9211539352033977,uniform_by_type_weights,5
0.9345495535199111,uniform_by_type_weights,5
0.9397912288891547,uniform_by_type_weights,5
0.929831583885658,uniform_by_type_weights,5
0.9251768786878728,uniform_by_type_weights,5
0.9188469575262881,uniform_by_type_weights,5
0.9339012192465964,uniform_by_type_weights,5
0.9222083428302496,uniform_by_type_weights,5
0.9238153111807391,uniform_by_type_weights,5
0.9329334870152975,uniform_by_type_weights,5
0.9250199106456872,uniform_by_type_weights,5
0.9243402560088511,uniform_by_type_weights,5
0.9199816485894335,uniform_by_type_weights,5
0.921633795536746,uniform_by_type_weights,5
0.9230797182636161,uniform_by_type_weights,5
0.9312856786418668,uniform_by_type_weights,5
0.9248955082936549,uniform_by_type_weights,5
0.9328314610402909,inv_std_weights,5
0.920396133243424,inv_std_weights,5
0.928336511879182,inv_std_weights,5
0.9243120566660067,inv_std_weights,5
0.930169060344443,inv_std_weights,5
0.9368227770282083,inv_std_weights,5
0.921883267849272,inv_std_weights,5
0.9327214765775694,inv_std_weights,5
0.9315767514281224,inv_std_weights,5
0.92748021128144,inv_std_weights,5
0.9187865313450981,inv_std_weights,5
0.9237000573582667,inv_std_weights,5
0.9224764504141708,inv_std_weights,5
0.9268662981199629,inv_std_weights,5
0.9278538990788868,inv_std_weights,5
0.9255736425459923,inv_std_weights,5
0.9270998550812517,inv_std_weights,5
0.9272048972225634,inv_std_weights,5
0.929587208613727,inv_std_weights,5
0.9344874546783608,inv_std_weights,5
0.9321775984002086,inv_std_weights,5
0.9299864879124667,inv_std_weights,5
0.9338308790408169,inv_std_weights,5
0.9202829237983472,inv_std_weights,5
0.9235369542443324,inv_std_weights,5
0.9171292987597905,inv_std_weights,5
0.9229229168750878,inv_std_weights,5
0.9217666007119177,inv_std_weights,5
0.9284615566648383,inv_std_weights,5
0.9200811618163129,inv_std_weights,5
0.9215879921867748,inv_std_weights,5
0.9202585300239783,inv_std_weights,5
0.9304643668104284,inv_std_weights,5
0.9296628017473109,inv_std_weights,5
0.9341744308583482,inv_std_weights,5
0.9182901081998558,inv_std_weights,5
0.9178413425103676,inv_std_weights,5
0.9298320892679387,inv_std_weights,5
0.9339387685663132,inv_std_weights,5
0.9232928957183504,inv_std_weights,5
0.927852741568003,inv_std_weights,5
0.9215300245996612,inv_std_weights,5
0.9212333481710345,inv_std_weights,5
0.9218956172308336,inv_std_weights,5
0.9274799560655084,inv_std_weights,5
0.9192038716608931,inv_std_weights,5
0.9258536432565513,inv_std_weights,5
0.9300644766759549,inv_std_weights,5
0.9245324625373385,inv_std_weights,5
0.9283957974586315,inv_std_weights,5
0.9298515589784191,inv_var_weights,5
0.9260544705836286,inv_var_weights,5
0.9237978232023526,inv_var_weights,5
0.9205763519965859,inv_var_weights,5
0.9269049508893592,inv_var_weights,5
0.9275604579446136,inv_var_weights,5
0.9185329327890899,inv_var_weights,5
0.9216591135269517,inv_var_weights,5
0.923745650678973,inv_var_weights,5
0.9300834581130121,inv_var_weights,5
0.9189709667400516,inv_var_weights,5
0.9288133158480086,inv_var_weights,5
0.9230204742610414,inv_var_weights,5
0.9310839125008039,inv_var_weights,5
0.932248046816417,inv_var_weights,5
0.9218331381471417,inv_var_weights,5
0.9234402382956907,inv_var_weights,5
0.9172656908754644,inv_var_weights,5
0.9203411894001782,inv_var_weights,5
0.9141493839014518,inv_var_weights,5
0.9247853546347159,inv_var_weights,5
0.9177999073442379,inv_var_weights,5
0.9194979598478646,inv_var_weights,5
0.923700315686829,inv_var_weights,5
0.927075613335266,inv_var_weights,5
0.9185687021919092,inv_var_weights,5
0.9279757098300072,inv_var_weights,5
0.9206151730656075,inv_var_weights,5
0.9162075026555047,inv_var_weights,5
0.923278580467146,inv_var_weights,5
0.9303739133277951,inv_var_weights,5
0.9227457595742327,inv_var_weights,5
0.9303358290867835,inv_var_weights,5
0.922572998830665,inv_var_weights,5
0.9267652672409957,inv_var_weights,5
0.9285290962187314,inv_var_weights,5
0.9238621113635586,inv_var_weights,5
0.9204927829057579,inv_var_weights,5
0.9245052348012128,inv_var_weights,5
0.9311688519281627,inv_var_weights,5
0.9317410969435724,inv_var_weights,5
0.9186179030613965,inv_var_weights,5
0.9241132253756109,inv_var_weights,5
0.9262458872976839,inv_var_weights,5
0.9214481994306774,inv_var_weights,5
0.9204955643231336,inv_var_weights,5
0.9253207142936264,inv_var_weights,5
0.922430303563657,inv_var_weights,5
0.9199815289751962,inv_var_weights,5
0.9291250736802684,inv_var_weights,5
0.9759403100102523,inv_rmse_weights,5
0.9707850968442724,inv_rmse_weights,5
0.9762285244395089,inv_rmse_weights,5
0.9724858307678176,inv_rmse_weights,5
0.9745125250499258,inv_rmse_weights,5
0.9678868790325815,inv_rmse_weights,5
0.9650140300242568,inv_rmse_weights,5
0.9689639891078361,inv_rmse_weights,5
0.9726880363690911,inv_rmse_weights,5
0.9771569437099498,inv_rmse_weights,5
0.9653062020336727,inv_rmse_weights,5
0.9753742251860976,inv_rmse_weights,5
0.9700304001773603,inv_rmse_weights,5
0.9692756136687836,inv_rmse_weights,5
0.9718022241436876,inv_rmse_weights,5
0.9716199209733033,inv_rmse_weights,5
0.9752699513835336,inv_rmse_weights,5
0.9644422580094856,inv_rmse_weights,5
0.9694023167591468,inv_rmse_weights,5
0.9783940918942599,inv_rmse_weights,5
0.9820020923809839,inv_rmse_weights,5
0.9613635786697026,inv_rmse_weights,5
0.9652663967551205,inv_rmse_weights,5
0.9737523309316115,inv_rmse_weights,5
0.9750313424675194,inv_rmse_weights,5
0.9748355127757005,inv_rmse_weights,5
0.9760031623591539,inv_rmse_weights,5
0.9679133420038484,inv_rmse_weights,5
0.9702894108029665,inv_rmse_weights,5
0.9745088134366054,inv_rmse_weights,5
0.9725067234856036,inv_rmse_weights,5
0.9750619253263287,inv_rmse_weights,5
0.9679877910980703,inv_rmse_weights,5
0.974016101760438,inv_rmse_weights,5
0.9732471847250576,inv_rmse_weights,5
0.9671168033858749,inv_rmse_weights,5
0.9664520580295327,inv_rmse_weights,5
0.9735030106594205,inv_rmse_weights,5
0.9737474470305503,inv_rmse_weights,5
0.9730628698168741,inv_rmse_weights,5
0.979045347186681,inv_rmse_weights,5
0.9586363214870559,inv_rmse_weights,5
0.9732287815948756,inv_rmse_weights,5
0.9759127238316125,inv_rmse_weights,5
0.9699493590797138,inv_rmse_weights,5
0.9720357620260908,inv_rmse_weights,5
0.9744285998660454,inv_rmse_weights,5
0.9674899072033921,inv_rmse_weights,5
0.9794398940862182,inv_rmse_weights,5
0.9668740636726405,inv_rmse_weights,5
0.9299424464995791,uniform_weights,6
0.9219560862250575,uniform_weights,6
0.9276330852154425,uniform_weights,6
0.930593623892603,uniform_weights,6
0.9353520451097735,uniform_weights,6
0.9337659523588274,uniform_weights,6
0.9350128261483164,uniform_weights,6
0.9252617684054001,uniform_weights,6
0.9268916137335371,uniform_weights,6
0.9352564727010589,uniform_weights,6
0.9231603839486605,uniform_weights,6
0.9309601777999298,uniform_weights,6
0.9353012817283832,uniform_weights,6
0.927401965433239,uniform_weights,6
0.9262969098394558,uniform_weights,6
0.9363638098646477,uniform_weights,6
0.9269474801229154,uniform_weights,6
0.9302278909321118,uniform_weights,6
0.9317676221623657,uniform_weights,6
0.9313169483580596,uniform_weights,6
0.9293750316160383,uniform_weights,6
0.9344241003321465,uniform_weights,6
0.9258035146302659,uniform_weights,6
0.9243552508625521,uniform_weights,6
0.9304187987392177,uniform_weights,6
0.9280285090230973,uniform_weights,6
0.9245259176515385,uniform_weights,6
0.9352277044548285,uniform_weights,6
0.9214061206138214,uniform_weights,6
0.9255282083082725,uniform_weights,6
0.9296335186989919,uniform_weights,6
0.9301808180892064,uniform_weights,6
0.9255103443530578,uniform_weights,6
0.9335756536136316,uniform_weights,6
0.9272708173048425,uniform_weights,6
0.926847374060735,uniform_weights,6
0.9344530594623193,uniform_weights,6
0.9209861480735013,uniform_weights,6
0.9296395153657737,uniform_weights,6
0.9311681607855818,uniform_weights,6
0.9287927245793851,uniform_weights,6
0.9308248114126856,uniform_weights,6
0.9238914971206098,uniform_weights,6
0.9275858357194435,uniform_weights,6
0.9223238691767867,uniform_weights,6
0.9273674754961613,uniform_weights,6
0.9342626864271033,uniform_weights,6
0.9250320707017647,uniform_weights,6
0.930197711814478,uniform_weights,6
0.9272287444380811,uniform_weights,6
0.93052965275567,uniform_by_type_weights,6
0.9354769834032971,uniform_by_type_weights,6
0.9274458646144077,uniform_by_type_weights,6
0.9268610607820498,uniform_by_type_weights,6
0.9350588789804057,uniform_by_type_weights,6
0.931549443696327,uniform_by_type_weights,6
0.92476734899995,uniform_by_type_weights,6
0.9333899844919884,uniform_by_type_weights,6
0.9292030681520631,uniform_by_type_weights,6
0.9202191952428764,uniform_by_type_weights,6
0.9306241234649831,uniform_by_type_weights,6
0.9308661325675383,uniform_by_type_weights,6
0.9363329867744354,uniform_by_type_weights,6
0.9326962223261697,uniform_by_type_weights,6
0.9388592405251553,uniform_by_type_weights,6
0.9253962215802257,uniform_by_type_weights,6
0.9285676088302716,uniform_by_type_weights,6
0.9303231152167922,uniform_by_type_weights,6
0.9291165879381976,uniform_by_type_weights,6
0.9330831669206042,uniform_by_type_weights,6
0.9286221177515547,uniform_by_type_weights,6
0.927777320413875,uniform_by_type_weights,6
0.9280629358884371,uniform_by_type_weights,6
0.9262523161584315,uniform_by_type_weights,6
0.9313137720925568,uniform_by_type_weights,6
0.9279272756243178,uniform_by_type_weights,6
0.9279794940153148,uniform_by_type_weights,6
0.9304103070824294,uniform_by_type_weights,6
0.9334843754146218,uniform_by_type_weights,6
0.9342966882420363,uniform_by_type_weights,6
0.9345013010346287,uniform_by_type_weights,6
0.9315003065871905,uniform_by_type_weights,6
0.9200198254232519,uniform_by_type_weights,6
0.9304781341618239,uniform_by_type_weights,6
0.9230922198202158,uniform_by_type_weights,6
0.9350761680041301,uniform_by_type_weights,6
0.9399854487071294,uniform_by_type_weights,6
0.9235664212611681,uniform_by_type_weights,6
0.9214343631871883,uniform_by_type_weights,6
0.9228492830712278,uniform_by_type_weights,6
0.9251962301802271,uniform_by_type_weights,6
0.9329196146094374,uniform_by_type_weights,6
0.9304053175180942,uniform_by_type_weights,6
0.9249800250254264,uniform_by_type_weights,6
0.935369422921047,uniform_by_type_weights,6
0.9365391494756752,uniform_by_type_weights,6
0.9226037593057351,uniform_by_type_weights,6
0.9213602495077942,uniform_by_type_weights,6
0.9267832791775267,uniform_by_type_weights,6
0.9284164803546109,uniform_by_type_weights,6
0.9207242935363167,inv_std_weights,6
0.9351232264367368,inv_std_weights,6
0.9148770975274516,inv_std_weights,6
0.9253400288163534,inv_std_weights,6
0.9292021130644728,inv_std_weights,6
0.9270201053985367,inv_std_weights,6
0.9301408972923894,inv_std_weights,6
0.9338683158296425,inv_std_weights,6
0.9295424684164065,inv_std_weights,6
0.9216882838244294,inv_std_weights,6
0.9220863865554341,inv_std_weights,6
0.9169916765226491,inv_std_weights,6
0.9254869042952616,inv_std_weights,6
0.9258101747671821,inv_std_weights,6
0.9264178418504485,inv_std_weights,6
0.9240993476198668,inv_std_weights,6
0.9308326824414153,inv_std_weights,6
0.9285669925262119,inv_std_weights,6
0.9287395252671029,inv_std_weights,6
0.920194335896264,inv_std_weights,6
0.926431623820604,inv_std_weights,6
0.9169668143412246,inv_std_weights,6
0.9291567979256139,inv_std_weights,6
0.9279704562596975,inv_std_weights,6
0.9342952130629267,inv_std_weights,6
0.9288462719985501,inv_std_weights,6
0.9308655190941826,inv_std_weights,6
0.920381844230357,inv_std_weights,6
0.9285167925654568,inv_std_weights,6
0.9287935936166024,inv_std_weights,6
0.9237657178208818,inv_std_weights,6
0.9225724466555575,inv_std_weights,6
0.9165802390519537,inv_std_weights,6
0.9219769592033648,inv_std_weights,6
0.9230063812344593,inv_std_weights,6
0.9221849429018213,inv_std_weights,6
0.9264683191248536,inv_std_weights,6
0.9287551072243898,inv_std_weights,6
0.9226276402997174,inv_std_weights,6
0.9159813298399876,inv_std_weights,6
0.9319652079735163,inv_std_weights,6
0.9200603357303627,inv_std_weights,6
0.930460195061882,inv_std_weights,6
0.9278555696120796,inv_std_weights,6
0.9221271825203484,inv_std_weights,6
0.9281543443153945,inv_std_weights,6
0.9195838097513487,inv_std_weights,6
0.9208935678684645,inv_std_weights,6
0.9235950691283801,inv_std_weights,6
0.9275441464185848,inv_std_weights,6
0.9240131873607111,inv_var_weights,6
0.9236501942648205,inv_var_weights,6
0.9235150113685971,inv_var_weights,6
0.9217338017322219,inv_var_weights,6
0.9304579062812024,inv_var_weights,6
0.9140827302956147,inv_var_weights,6
0.9260573565265842,inv_var_weights,6
0.9240568507242,inv_var_weights,6
0.9218426463136792,inv_var_weights,6
0.9230126830120888,inv_var_weights,6
0.9310523033727859,inv_var_weights,6
0.9272866224042099,inv_var_weights,6
0.9257637447901553,inv_var_weights,6
0.9275173267947536,inv_var_weights,6
0.9257985658688659,inv_var_weights,6
0.9262165383910351,inv_var_weights,6
0.9261816978991981,inv_var_weights,6
0.9103748323155283,inv_var_weights,6
0.9198805944392149,inv_var_weights,6
0.9249010225075947,inv_var_weights,6
0.9241393736794278,inv_var_weights,6
0.9237405326722984,inv_var_weights,6
0.9289474703650094,inv_var_weights,6
0.9315513105824977,inv_var_weights,6
0.9219297360936491,inv_var_weights,6
0.9281980210612347,inv_var_weights,6
0.9219019187511186,inv_var_weights,6
0.9191126647086868,inv_var_weights,6
0.9149804541182411,inv_var_weights,6
0.9300724896606596,inv_var_weights,6
0.9240925378020178,inv_var_weights,6
0.9222226680571807,inv_var_weights,6
0.9208363476780259,inv_var_weights,6
0.9182295140337035,inv_var_weights,6
0.9202368284376367,inv_var_weights,6
0.9206682429098716,inv_var_weights,6
0.9211779977976049,inv_var_weights,6
0.9230188937690806,inv_var_weights,6
0.9192137634214845,inv_var_weights,6
0.9196045747294357,inv_var_weights,6
0.9186516071363833,inv_var_weights,6
0.9177716988182479,inv_var_weights,6
0.9264507047925343,inv_var_weights,6
0.9160073729244366,inv_var_weights,6
0.9130414537601161,inv_var_weights,6
0.9254695547272895,inv_var_weights,6
0.9204479775413618,inv_var_weights,6
0.92294319918295,inv_var_weights,6
0.9202663718006648,inv_var_weights,6
0.9251116185676345,inv_var_weights,6
0.9685962697156102,inv_rmse_weights,6
0.9710878738308594,inv_rmse_weights,6
0.9658182600374875,inv_rmse_weights,6
0.9683192551977116,inv_rmse_weights,6
0.9686514150219924,inv_rmse_weights,6
0.970834618824491,inv_rmse_weights,6
0.9685324510896981,inv_rmse_weights,6
0.9687862725167764,inv_rmse_weights,6
0.9735139476012796,inv_rmse_weights,6
0.9756714866073236,inv_rmse_weights,6
0.9705855728030933,inv_rmse_weights,6
0.9790398391022921,inv_rmse_weights,6
0.9710842457121874,inv_rmse_weights,6
0.9640228885033181,inv_rmse_weights,6
0.9738924479442311,inv_rmse_weights,6
0.967659986680449,inv_rmse_weights,6
0.9660893380149774,inv_rmse_weights,6
0.9674920994346838,inv_rmse_weights,6
0.9716232054326241,inv_rmse_weights,6
0.9646492316964479,inv_rmse_weights,6
0.9706515811184665,inv_rmse_weights,6
0.9704629471173131,inv_rmse_weights,6
0.9722623430521267,inv_rmse_weights,6
0.9675215131370635,inv_rmse_weights,6
0.9680073155382518,inv_rmse_weights,6
0.9731235434036167,inv_rmse_weights,6
0.97544580784818,inv_rmse_weights,6
0.9691073232224809,inv_rmse_weights,6
0.9757936272152521,inv_rmse_weights,6
0.9710603586365429,inv_rmse_weights,6
0.9704662816112596,inv_rmse_weights,6
0.966062691813567,inv_rmse_weights,6
0.9715064571496069,inv_rmse_weights,6
0.9734393253295508,inv_rmse_weights,6
0.9669461816349176,inv_rmse_weights,6
0.9736879168033493,inv_rmse_weights,6
0.9762676180148375,inv_rmse_weights,6
0.9745555960785156,inv_rmse_weights,6
0.9668038476235676,inv_rmse_weights,6
0.9678825653433418,inv_rmse_weights,6
0.970003879537961,inv_rmse_weights,6
0.9681880434040634,inv_rmse_weights,6
0.9670198340895516,inv_rmse_weights,6
0.9730127794263888,inv_rmse_weights,6
0.9671972862540581,inv_rmse_weights,6
0.9680255211991138,inv_rmse_weights,6
0.9756324436855816,inv_rmse_weights,6
0.9676710972840742,inv_rmse_weights,6
0.9715856217791672,inv_rmse_weights,6
0.9730566573890617,inv_rmse_weights,6
0.9286437654971058,uniform_weights,7
0.9320156062497472,uniform_weights,7
0.9249576460342751,uniform_weights,7
0.9306257430258598,uniform_weights,7
0.9360805011325205,uniform_weights,7
0.9220316880184858,uniform_weights,7
0.930012879480699,uniform_weights,7
0.9299415296503684,uniform_weights,7
0.9274918604603687,uniform_weights,7
0.9284554586658031,uniform_weights,7
0.9251260671816419,uniform_weights,7
0.9343833890772913,uniform_weights,7
0.9284527413727227,uniform_weights,7
0.9229189128141354,uniform_weights,7
0.9308980666337929,uniform_weights,7
0.9336569931671466,uniform_weights,7
0.9252151871310055,uniform_weights,7
0.9290333283999384,uniform_weights,7
0.9329492841167782,uniform_weights,7
0.9335447731449215,uniform_weights,7
0.9346823474685203,uniform_weights,7
0.9361539291689166,uniform_weights,7
0.9310401919865631,uniform_weights,7
0.9306618944895941,uniform_weights,7
0.9321501056869118,uniform_weights,7
0.9304105245543051,uniform_weights,7
0.9307989490243228,uniform_weights,7
0.92694697058144,uniform_weights,7
0.9247809710270068,uniform_weights,7
0.930042582757185,uniform_weights,7
0.9298632206608659,uniform_weights,7
0.9300020611384279,uniform_weights,7
0.9323156650051256,uniform_weights,7
0.9276812747601361,uniform_weights,7
0.9280769931685376,uniform_weights,7
0.9311833707870536,uniform_weights,7
0.9269319047633878,uniform_weights,7
0.9224866382380544,uniform_weights,7
0.9314392559565978,uniform_weights,7
0.9243500565585862,uniform_weights,7
0.9219302634397764,uniform_weights,7
0.935446353147253,uniform_weights,7
0.923964204171369,uniform_weights,7
0.926949540845128,uniform_weights,7
0.9283211724449906,uniform_weights,7
0.9350390787825256,uniform_weights,7
0.9321385667563956,uniform_weights,7
0.9326787828881765,uniform_weights,7
0.9318112048110228,uniform_weights,7
0.9277751369952317,uniform_weights,7
0.92614128421392,uniform_by_type_weights,7
0.9356516500699401,uniform_by_type_weights,7
0.9272649591992591,uniform_by_type_weights,7
0.9385336980386345,uniform_by_type_weights,7
0.9336684370377663,uniform_by_type_weights,7
0.9289278255823172,uniform_by_type_weights,7
0.924870094216617,uniform_by_type_weights,7
0.9252011086773444,uniform_by_type_weights,7
0.9271266642216097,uniform_by_type_weights,7
0.932011707747915,uniform_by_type_weights,7
0.931994287668865,uniform_by_type_weights,7
0.9372542283591762,uniform_by_type_weights,7
0.9420528578675172,uniform_by_type_weights,7
0.9355769849166333,uniform_by_type_weights,7
0.9349405037439603,uniform_by_type_weights,7
0.9344489896260755,uniform_by_type_weights,7
0.9289935633933386,uniform_by_type_weights,7
0.9277808602825713,uniform_by_type_weights,7
0.9312144752089613,uniform_by_type_weights,7
0.9241507679252338,uniform_by_type_weights,7
0.9261662976764695,uniform_by_type_weights,7
0.9280522314204736,uniform_by_type_weights,7
0.9294224915271194,uniform_by_type_weights,7
0.9372609252079587,uniform_by_type_weights,7
0.925867010088898,uniform_by_type_weights,7
0.9277964510931906,uniform_by_type_weights,7
0.9347909815692599,uniform_by_type_weights,7
0.930503031445864,uniform_by_type_weights,7
0.9331225641388228,uniform_by_type_weights,7
0.9344413787885499,uniform_by_type_weights,7
0.9245265001422338,uniform_by_type_weights,7
0.9303959635650032,uniform_by_type_weights,7
0.9278524665588989,uniform_by_type_weights,7
0.9238918095346769,uniform_by_type_weights,7
0.9317778199088095,uniform_by_type_weights,7
0.9295219565589162,uniform_by_type_weights,7
0.9240746168003063,uniform_by_type_weights,7
0.920753438408708,uniform_by_type_weights,7
0.9223734512772465,uniform_by_type_weights,7
0.9320468417081771,uniform_by_type_weights,7
0.9191207618373018,uniform_by_type_weights,7
0.9327436574329467,uniform_by_type_weights,7
0.9355382785726943,uniform_by_type_weights,7
0.9384162697175394,uniform_by_type_weights,7
0.9267920658978678,uniform_by_type_weights,7
0.9278990375756642,uniform_by_type_weights,7
0.9250070873168668,uniform_by_type_weights,7
0.9315022256975657,uniform_by_type_weights,7
0.9262694642782751,uniform_by_type_weights,7
0.9332195092021917,uniform_by_type_weights,7
0.9224224516654611,inv_std_weights,7
0.9315292331431235,inv_std_weights,7
0.9217032191394231,inv_std_weights,7
0.9237437304887243,inv_std_weights,7
0.9305568811776495,inv_std_weights,7
0.9220606590851692,inv_std_weights,7
0.9222693556261518,inv_std_weights,7
0.9263960826333327,inv_std_weights,7
0.9342379456381937,inv_std_weights,7
0.9272303095900467,inv_std_weights,7
0.9310772991578026,inv_std_weights,7
0.9310564496440985,inv_std_weights,7
0.924965224221217,inv_std_weights,7
0.9276265000557489,inv_std_weights,7
0.9235983965580276,inv_std_weights,7
0.9310550721576426,inv_std_weights,7
0.9125884840199237,inv_std_weights,7
0.922165580057587,inv_std_weights,7
0.9229877011126771,inv_std_weights,7
0.9291009228371946,inv_std_weights,7
0.922151253992123,inv_std_weights,7
0.9335514083282572,inv_std_weights,7
0.9295976816879316,inv_std_weights,7
0.930157518661221,inv_std_weights,7
0.928485055553694,inv_std_weights,7
0.9297161127905184,inv_std_weights,7
0.923591472829102,inv_std_weights,7
0.9206478297844058,inv_std_weights,7
0.927918649719445,inv_std_weights,7
0.9255539939119926,inv_std_weights,7
0.919617254258711,inv_std_weights,7
0.9249603877880023,inv_std_weights,7
0.9246076226233767,inv_std_weights,7
0.9274384504818619,inv_std_weights,7
0.9330300298025795,inv_std_weights,7
0.9242147751474256,inv_std_weights,7
0.9287111618054509,inv_std_weights,7
0.9286268115781835,inv_std_weights,7
0.9198061669405996,inv_std_weights,7
0.9226775178898348,inv_std_weights,7
0.9307647332520301,inv_std_weights,7
0.922757595364516,inv_std_weights,7
0.9223955590614394,inv_std_weights,7
0.9273472652006292,inv_std_weights,7
0.9277364343200165,inv_std_weights,7
0.9201152583064727,inv_std_weights,7
0.9278720585777526,inv_std_weights,7
0.9184456767258338,inv_std_weights,7
0.9223681358999422,inv_std_weights,7
0.9233673898869685,inv_std_weights,7
0.9242533842082211,inv_var_weights,7
0.92725588477146,inv_var_weights,7
0.9184349403218971,inv_var_weights,7
0.9202882018509664,inv_var_weights,7
0.9208798842423462,inv_var_weights,7
0.9284658904277204,inv_var_weights,7
0.9146617677466284,inv_var_weights,7
0.9289112362184494,inv_var_weights,7
0.9107772396211269,inv_var_weights,7
0.9224105726280071,inv_var_weights,7
0.9228413516025944,inv_var_weights,7
0.9283174543558613,inv_var_weights,7
0.9278702619249649,inv_var_weights,7
0.9176902879127907,inv_var_weights,7
0.920824475241863,inv_var_weights,7
0.9310138893397015,inv_var_weights,7
0.9286324624941511,inv_var_weights,7
0.9257221528730522,inv_var_weights,7
0.9333827124360514,inv_var_weights,7
0.9253729066046447,inv_var_weights,7
0.9274149037458627,inv_var_weights,7
0.9234095193336955,inv_var_weights,7
0.9247376520877623,inv_var_weights,7
0.9195838021187783,inv_var_weights,7
0.9206045965691576,inv_var_weights,7
0.9196594777515757,inv_var_weights,7
0.9169755491558492,inv_var_weights,7
0.9218041381717514,inv_var_weights,7
0.9261461661269584,inv_var_weights,7
0.9148697253337832,inv_var_weights,7
0.9207754194528353,inv_var_weights,7
0.9187594974929071,inv_var_weights,7
0.9220961044136211,inv_var_weights,7
0.9263328017733621,inv_var_weights,7
0.9215769741876977,inv_var_weights,7
0.9236710785734801,inv_var_weights,7
0.9255607983513999,inv_var_weights,7
0.9222092044403167,inv_var_weights,7
0.9186407487068066,inv_var_weights,7
0.9278064514396965,inv_var_weights,7
0.9219565217653849,inv_var_weights,7
0.9260943749918893,inv_var_weights,7
0.9183810753560389,inv_var_weights,7
0.9219765091091026,inv_var_weights,7
0.9263467089448426,inv_var_weights,7
0.922019784234167,inv_var_weights,7
0.9233406752676299,inv_var_weights,7
0.9287116110829435,inv_var_weights,7
0.919305290092235,inv_var_weights,7
0.9184857861340142,inv_var_weights,7
0.9727197601608402,inv_rmse_weights,7
0.9696467154745119,inv_rmse_weights,7
0.9682415559098929,inv_rmse_weights,7
0.9669765073246133,inv_rmse_weights,7
0.9732606695901406,inv_rmse_weights,7
0.9727755996691393,inv_rmse_weights,7
0.971235846871508,inv_rmse_weights,7
0.9677363895897234,inv_rmse_weights,7
0.9692235314486302,inv_rmse_weights,7
0.9707379979150036,inv_rmse_weights,7
0.9677845703090084,inv_rmse_weights,7
0.9665051417239032,inv_rmse_weights,7
0.9673358721126949,inv_rmse_weights,7
0.9722462991294848,inv_rmse_weights,7
0.9663143680586529,inv_rmse_weights,7
0.969255572049644,inv_rmse_weights,7
0.9729235075238172,inv_rmse_weights,7
0.9687532289396876,inv_rmse_weights,7
0.9694753162175007,inv_rmse_weights,7
0.9648795062628901,inv_rmse_weights,7
0.9749387289562094,inv_rmse_weights,7
0.9677759306061564,inv_rmse_weights,7
0.9719538426542832,inv_rmse_weights,7
0.9701812402195585,inv_rmse_weights,7
0.9670641846286526,inv_rmse_weights,7
0.9719025263713696,inv_rmse_weights,7
0.9644947082348932,inv_rmse_weights,7
0.9729111507883051,inv_rmse_weights,7
0.978296581345418,inv_rmse_weights,7
0.9708119830048783,inv_rmse_weights,7
0.9706100420070116,inv_rmse_weights,7
0.9700115496877915,inv_rmse_weights,7
0.9708503454869943,inv_rmse_weights,7
0.9741283651286516,inv_rmse_weights,7
0.9717147577267213,inv_rmse_weights,7
0.9692219923771226,inv_rmse_weights,7
0.9730979014947286,inv_rmse_weights,7
0.9732684061655134,inv_rmse_weights,7
0.9707759927798888,inv_rmse_weights,7
0.9696764365926276,inv_rmse_weights,7
0.9642356345515047,inv_rmse_weights,7
0.9726294298077566,inv_rmse_weights,7
0.9699460612825218,inv_rmse_weights,7
0.9675948623551477,inv_rmse_weights,7
0.966268781434491,inv_rmse_weights,7
0.9729301509673313,inv_rmse_weights,7
0.9728938293910375,inv_rmse_weights,7
0.9741714636060268,inv_rmse_weights,7
0.9695151460827258,inv_rmse_weights,7
0.970837778440911,inv_rmse_weights,7
0.9296573848467385,uniform_weights,8
0.9350072526209454,uniform_weights,8
0.9326037613913808,uniform_weights,8
0.9372945796296961,uniform_weights,8
0.9197300458339827,uniform_weights,8
0.9322528146790029,uniform_weights,8
0.9285281074508616,uniform_weights,8
0.9257582876839268,uniform_weights,8
0.9342044127062307,uniform_weights,8
0.9330211581313443,uniform_weights,8
0.929872997902638,uniform_weights,8
0.9396085744032542,uniform_weights,8
0.9327018526044492,uniform_weights,8
0.9313159181962812,uniform_weights,8
0.9250386365081197,uniform_weights,8
0.9309124111462636,uniform_weights,8
0.932217690516775,uniform_weights,8
0.9267559901462495,uniform_weights,8
0.9222119233071475,uniform_weights,8
0.9273515783965618,uniform_weights,8
0.9295019460333642,uniform_weights,8
0.9261152511399715,uniform_weights,8
0.9289565960052572,uniform_weights,8
0.9287852011214347,uniform_weights,8
0.9352886289183637,uniform_weights,8
0.9219233790721926,uniform_weights,8
0.9249688145422608,uniform_weights,8
0.9399017383906761,uniform_weights,8
0.9277484373733252,uniform_weights,8
0.9265996235495015,uniform_weights,8
0.9308218770201524,uniform_weights,8
0.9288674515043028,uniform_weights,8
0.9282150085166071,uniform_weights,8
0.9375937574429772,uniform_weights,8
0.9300785540103327,uniform_weights,8
0.9257768397763418,uniform_weights,8
0.9226660614807815,uniform_weights,8
0.9377046588104079,uniform_weights,8
0.9278258071189915,uniform_weights,8
0.9323900438994567,uniform_weights,8
0.9297119617630087,uniform_weights,8
0.9281922246689058,uniform_weights,8
0.9328443491868235,uniform_weights,8
0.9304688573372297,uniform_weights,8
0.9300624774290919,uniform_weights,8
0.9331448204642339,uniform_weights,8
0.9275428492794576,uniform_weights,8
0.9381346792189564,uniform_weights,8
0.9345110811816775,uniform_weights,8
0.9264401313381975,uniform_weights,8
0.9330889173395711,uniform_by_type_weights,8
0.9269020341165558,uniform_by_type_weights,8
0.9246710035925374,uniform_by_type_weights,8
0.9334983346963671,uniform_by_type_weights,8
0.9251241075115463,uniform_by_type_weights,8
0.9321066442343892,uniform_by_type_weights,8
0.9292202346213335,uniform_by_type_weights,8
0.9235308243674011,uniform_by_type_weights,8
0.9309654522003433,uniform_by_type_weights,8
0.9299076694174533,uniform_by_type_weights,8
0.9288511838250977,uniform_by_type_weights,8
0.9297735931537631,uniform_by_type_weights,8
0.9223233940891312,uniform_by_type_weights,8
0.9386267523697652,uniform_by_type_weights,8
0.9319740987033852,uniform_by_type_weights,8
0.9264525411984939,uniform_by_type_weights,8
0.9263130764286334,uniform_by_type_weights,8
0.9282080181853972,uniform_by_type_weights,8
0.9318992535365664,uniform_by_type_weights,8
0.9310676950501838,uniform_by_type_weights,8
0.9305219318109234,uniform_by_type_weights,8
0.9357445783386962,uniform_by_type_weights,8
0.9345074395678241,uniform_by_type_weights,8
0.929393226271622,uniform_by_type_weights,8
0.9361013797545997,uniform_by_type_weights,8
0.9320955131666939,uniform_by_type_weights,8
0.9289211383492141,uniform_by_type_weights,8
0.928319756560477,uniform_by_type_weights,8
0.9244315352372409,uniform_by_type_weights,8
0.9237961866703492,uniform_by_type_weights,8
0.9341358389989497,uniform_by_type_weights,8
0.9324844865326459,uniform_by_type_weights,8
0.9332479471199385,uniform_by_type_weights,8
0.9327308923051659,uniform_by_type_weights,8
0.930148933127917,uniform_by_type_weights,8
0.9318106286152099,uniform_by_type_weights,8
0.9327173925361062,uniform_by_type_weights,8
0.9287348951357506,uniform_by_type_weights,8
0.9310103247018421,uniform_by_type_weights,8
0.9313480327854553,uniform_by_type_weights,8
0.9301256360489327,uniform_by_type_weights,8
0.9399478389469089,uniform_by_type_weights,8
0.926982754217957,uniform_by_type_weights,8
0.9295811025456171,uniform_by_type_weights,8
0.9278538472039618,uniform_by_type_weights,8
0.9313501320299077,uniform_by_type_weights,8
0.9230902805690944,uniform_by_type_weights,8
0.9320502871950145,uniform_by_type_weights,8
0.929628168764362,uniform_by_type_weights,8
0.925787968716,uniform_by_type_weights,8
0.9238646463816537,inv_std_weights,8
0.9231496969225069,inv_std_weights,8
0.9329470706278966,inv_std_weights,8
0.9257607299737406,inv_std_weights,8
0.930635172688073,inv_std_weights,8
0.9284570839159699,inv_std_weights,8
0.9296462344658583,inv_std_weights,8
0.9267925610451048,inv_std_weights,8
0.9205661039017051,inv_std_weights,8
0.9199538730315616,inv_std_weights,8
0.9327360633662505,inv_std_weights,8
0.9333726185518487,inv_std_weights,8
0.9218240471726193,inv_std_weights,8
0.936400307838068,inv_std_weights,8
0.9252964431378706,inv_std_weights,8
0.9231556036142973,inv_std_weights,8
0.9312777573906489,inv_std_weights,8
0.9290148754758438,inv_std_weights,8
0.9252168589774407,inv_std_weights,8
0.9304082804521489,inv_std_weights,8
0.9271078480734085,inv_std_weights,8
0.9196357143945083,inv_std_weights,8
0.9296290453325939,inv_std_weights,8
0.927860775145076,inv_std_weights,8
0.9288133418012444,inv_std_weights,8
0.9215628976025618,inv_std_weights,8
0.9241129767878747,inv_std_weights,8
0.9246272198174932,inv_std_weights,8
0.9310559730822269,inv_std_weights,8
0.9275718112447192,inv_std_weights,8
0.9239203695797535,inv_std_weights,8
0.92470194518495,inv_std_weights,8
0.9268724415547746,inv_std_weights,8
0.9223454038625304,inv_std_weights,8
0.9274822733866948,inv_std_weights,8
0.9259772231505078,inv_std_weights,8
0.9276321958314764,inv_std_weights,8
0.9175811059226568,inv_std_weights,8
0.9249193276728899,inv_std_weights,8
0.9302852592254365,inv_std_weights,8
0.9270240057681499,inv_std_weights,8
0.9230364380341104,inv_std_weights,8
0.9237498499300598,inv_std_weights,8
0.9219629583529184,inv_std_weights,8
0.9224958903706358,inv_std_weights,8
0.927281519809045,inv_std_weights,8
0.9227603704597437,inv_std_weights,8
0.919620845265672,inv_std_weights,8
0.9213128671690383,inv_std_weights,8
0.928940670074346,inv_std_weights,8
0.9249169456646184,inv_var_weights,8
0.9260048177539488,inv_var_weights,8
0.9277667601680262,inv_var_weights,8
0.9211480804818163,inv_var_weights,8
0.9198124769055114,inv_var_weights,8
0.9245496614438518,inv_var_weights,8
0.923412380764302,inv_var_weights,8
0.9261842932866053,inv_var_weights,8
0.9263293240050396,inv_var_weights,8
0.9185920809018545,inv_var_weights,8
0.9151701174642732,inv_var_weights,8
0.9134819457953048,inv_var_weights,8
0.9273046455700853,inv_var_weights,8
0.9214762062065938,inv_var_weights,8
0.9232158994447387,inv_var_weights,8
0.9235113817195508,inv_var_weights,8
0.9176282241046319,inv_var_weights,8
0.9255208706328519,inv_var_weights,8
0.9217158512881912,inv_var_weights,8
0.9159874481813293,inv_var_weights,8
0.9203183000365908,inv_var_weights,8
0.9166378295947021,inv_var_weights,8
0.9253694209546505,inv_var_weights,8
0.9267774456467197,inv_var_weights,8
0.9210493455179638,inv_var_weights,8
0.9195944210646279,inv_var_weights,8
0.9200738879501497,inv_var_weights,8
0.9269943096226183,inv_var_weights,8
0.9181266426759582,inv_var_weights,8
0.9252268286228642,inv_var_weights,8
0.9287342528722543,inv_var_weights,8
0.9246677290957286,inv_var_weights,8
0.919298405240346,inv_var_weights,8
0.9182631930455638,inv_var_weights,8
0.9238294696755491,inv_var_weights,8
0.9131241375998097,inv_var_weights,8
0.9227252154732861,inv_var_weights,8
0.9288857304634759,inv_var_weights,8
0.9199023025564317,inv_var_weights,8
0.9157385978024126,inv_var_weights,8
0.924912578651663,inv_var_weights,8
0.9261378335437458,inv_var_weights,8
0.921111773700485,inv_var_weights,8
0.9140546849864889,inv_var_weights,8
0.9149321757461046,inv_var_weights,8
0.926345081028634,inv_var_weights,8
0.9204940681187654,inv_var_weights,8
0.9178333767528809,inv_var_weights,8
0.9293818278057445,inv_var_weights,8
0.921116801440527,inv_var_weights,8
0.9680872657163837,inv_rmse_weights,8
0.9740352889086893,inv_rmse_weights,8
0.9729342986483818,inv_rmse_weights,8
0.9679180472643765,inv_rmse_weights,8
0.970625102534337,inv_rmse_weights,8
0.9687647282174889,inv_rmse_weights,8
0.9698106950786614,inv_rmse_weights,8
0.9730187152866739,inv_rmse_weights,8
0.9734794815502977,inv_rmse_weights,8
0.9668079864450116,inv_rmse_weights,8
0.9653340411156469,inv_rmse_weights,8
0.9680565189773281,inv_rmse_weights,8
0.9699619119927353,inv_rmse_weights,8
0.9761291734536848,inv_rmse_weights,8
0.9714207140922808,inv_rmse_weights,8
0.9757668496618103,inv_rmse_weights,8
0.9743648077861302,inv_rmse_weights,8
0.9679978502405847,inv_rmse_weights,8
0.9645757342522409,inv_rmse_weights,8
0.9727521730399744,inv_rmse_weights,8
0.9695148979749886,inv_rmse_weights,8
0.9634452893060667,inv_rmse_weights,8
0.9713051150353907,inv_rmse_weights,8
0.9717528162472042,inv_rmse_weights,8
0.9731571864258118,inv_rmse_weights,8
0.9712596425658904,inv_rmse_weights,8
0.9745602344383626,inv_rmse_weights,8
0.9757686687699553,inv_rmse_weights,8
0.9777977947309974,inv_rmse_weights,8
0.9723431796874853,inv_rmse_weights,8
0.9714105734096898,inv_rmse_weights,8
0.9671819568308646,inv_rmse_weights,8
0.9699369768515299,inv_rmse_weights,8
0.9687545932022008,inv_rmse_weights,8
0.9696990998714525,inv_rmse_weights,8
0.9704100909122259,inv_rmse_weights,8
0.9691951422278539,inv_rmse_weights,8
0.971019802888199,inv_rmse_weights,8
0.9729758928528853,inv_rmse_weights,8
0.9676808511484004,inv_rmse_weights,8
0.9706155534148058,inv_rmse_weights,8
0.9730503138996268,inv_rmse_weights,8
0.9628252370669393,inv_rmse_weights,8
0.9717482010873107,inv_rmse_weights,8
0.9708229026094878,inv_rmse_weights,8
0.9670172690990432,inv_rmse_weights,8
0.975075886898848,inv_rmse_weights,8
0.9716167487069235,inv_rmse_weights,8
0.9712921109222199,inv_rmse_weights,8
0.9777534878914457,inv_rmse_weights,8
0.9218983575835907,uniform_weights,9
0.9313583008558601,uniform_weights,9
0.925753870081387,uniform_weights,9
0.9332544801580929,uniform_weights,9
0.929321539132399,uniform_weights,9
0.9282425672856941,uniform_weights,9
0.9297904123138012,uniform_weights,9
0.931214184757252,uniform_weights,9
0.9275776493100889,uniform_weights,9
0.9298324395406687,uniform_weights,9
0.9290155530583006,uniform_weights,9
0.9235223510889711,uniform_weights,9
0.9198058194803248,uniform_weights,9
0.9277960051118754,uniform_weights,9
0.9352305727947144,uniform_weights,9
0.9331328825844235,uniform_weights,9
0.926408623885642,uniform_weights,9
0.9273510462712059,uniform_weights,9
0.9336081038978243,uniform_weights,9
0.9265105194407993,uniform_weights,9
0.9313207888180476,uniform_weights,9
0.9268299939933675,uniform_weights,9
0.9333914839639109,uniform_weights,9
0.9303657788651095,uniform_weights,9
0.9348180847757608,uniform_weights,9
0.9269542216173414,uniform_weights,9
0.9248995407005931,uniform_weights,9
0.933239725671584,uniform_weights,9
0.9286269759570294,uniform_weights,9
0.9281868915234827,uniform_weights,9
0.9290325283525768,uniform_weights,9
0.9302039233914317,uniform_weights,9
0.9226693144060325,uniform_weights,9
0.9259188268939318,uniform_weights,9
0.929755074064746,uniform_weights,9
0.9284102986332811,uniform_weights,9
0.9264966389831436,uniform_weights,9
0.9331845334473401,uniform_weights,9
0.9336292630346053,uniform_weights,9
0.9222849022494344,uniform_weights,9
0.9349631225447048,uniform_weights,9
0.9327152832041479,uniform_weights,9
0.9273166469307512,uniform_weights,9
0.9293014308966562,uniform_weights,9
0.9312422806871581,uniform_weights,9
0.9267410016179539,uniform_weights,9
0.9291515587317664,uniform_weights,9
0.9322980635876291,uniform_weights,9
0.9285008291046263,uniform_weights,9
0.9310343445343606,uniform_weights,9
0.9244040576653226,uniform_by_type_weights,9
0.9233115050675741,uniform_by_type_weights,9
0.9237611982994752,uniform_by_type_weights,9
0.9241342614950216,uniform_by_type_weights,9
0.9278289873552078,uniform_by_type_weights,9
0.9306350160145929,uniform_by_type_weights,9
0.9289699594879531,uniform_by_type_weights,9
0.9272163611447611,uniform_by_type_weights,9
0.9294711648244628,uniform_by_type_weights,9
0.922028299910039,uniform_by_type_weights,9
0.9261064703785991,uniform_by_type_weights,9
0.933323353918742,uniform_by_type_weights,9
0.929047438912041,uniform_by_type_weights,9
0.9313290834429365,uniform_by_type_weights,9
0.9270641215504961,uniform_by_type_weights,9
0.9298510503146532,uniform_by_type_weights,9
0.9227858977619547,uniform_by_type_weights,9
0.9262385000058143,uniform_by_type_weights,9
0.9255420298926711,uniform_by_type_weights,9
0.9328556400154653,uniform_by_type_weights,9
0.9364809778636936,uniform_by_type_weights,9
0.9345046559575685,uniform_by_type_weights,9
0.9231317787461721,uniform_by_type_weights,9
0.9229605520970114,uniform_by_type_weights,9
0.9277447201070235,uniform_by_type_weights,9
0.9276301935261924,uniform_by_type_weights,9
0.9337721296336702,uniform_by_type_weights,9
0.9296762594421585,uniform_by_type_weights,9
0.9251719507448034,uniform_by_type_weights,9
0.9397199635388893,uniform_by_type_weights,9
0.9336282708086092,uniform_by_type_weights,9
0.9288392777395681,uniform_by_type_weights,9
0.9273095872663106,uniform_by_type_weights,9
0.9327957435507375,uniform_by_type_weights,9
0.9282268252828901,uniform_by_type_weights,9
0.9285685706880497,uniform_by_type_weights,9
0.9222342216156588,uniform_by_type_weights,9
0.93379405755005,uniform_by_type_weights,9
0.9322633763832411,uniform_by_type_weights,9
0.935360476639,uniform_by_type_weights,9
0.9275147901208587,uniform_by_type_weights,9
0.9338988739759466,uniform_by_type_weights,9
0.9362733107774138,uniform_by_type_weights,9
0.9327098019712168,uniform_by_type_weights,9
0.9244996037728818,uniform_by_type_weights,9
0.9200750337337994,uniform_by_type_weights,9
0.9254206521417371,uniform_by_type_weights,9
0.9322420386377261,uniform_by_type_weights,9
0.9359719279630179,uniform_by_type_weights,9
0.9292550556016662,uniform_by_type_weights,9
0.9288751448421431,inv_std_weights,9
0.9266690268622194,inv_std_weights,9
0.918093492018037,inv_std_weights,9
0.9288351700305584,inv_std_weights,9
0.9271972286250503,inv_std_weights,9
0.9303572242133008,inv_std_weights,9
0.9282991599518844,inv_std_weights,9
0.9312823477707836,inv_std_weights,9
0.9236094007883509,inv_std_weights,9
0.9276164216552079,inv_std_weights,9
0.9247488045691141,inv_std_weights,9
0.9228581593143009,inv_std_weights,9
0.9234457598946761,inv_std_weights,9
0.925627885246428,inv_std_weights,9
0.9242096745414583,inv_std_weights,9
0.9241482361409808,inv_std_weights,9
0.9287783677491309,inv_std_weights,9
0.9328054204449208,inv_std_weights,9
0.9217310986470025,inv_std_weights,9
0.9274146862992668,inv_std_weights,9
0.9342912298440273,inv_std_weights,9
0.9304987450253487,inv_std_weights,9
0.9246144803454532,inv_std_weights,9
0.9270958438275692,inv_std_weights,9
0.9263294125705456,inv_std_weights,9
0.9318599917485472,inv_std_weights,9
0.9326432556614418,inv_std_weights,9
0.9217878240488567,inv_std_weights,9
0.9239757765651067,inv_std_weights,9
0.9291323758500833,inv_std_weights,9
0.9298347077942367,inv_std_weights,9
0.9231055801647852,inv_std_weights,9
0.921975461192664,inv_std_weights,9
0.9164603157315441,inv_std_weights,9
0.9257577097984904,inv_std_weights,9
0.9312172354483667,inv_std_weights,9
0.9231625516715312,inv_std_weights,9
0.9266625167204915,inv_std_weights,9
0.9349313623233381,inv_std_weights,9
0.9328080603342689,inv_std_weights,9
0.9365657507036956,inv_std_weights,9
0.9155357955432245,inv_std_weights,9
0.9218477167976373,inv_std_weights,9
0.9294856146196987,inv_std_weights,9
0.9295423442692556,inv_std_weights,9
0.9214506824045485,inv_std_weights,9
0.9256233322528697,inv_std_weights,9
0.9231765927743592,inv_std_weights,9
0.9260060370842572,inv_std_weights,9
0.9232727215338319,inv_std_weights,9
0.9181787123887072,inv_var_weights,9
0.9248603427142023,inv_var_weights,9
0.9315717415119146,inv_var_weights,9
0.9150475462505131,inv_var_weights,9
0.9246332136665828,inv_var_weights,9
0.9139975388569708,inv_var_weights,9
0.9197678029208103,inv_var_weights,9
0.9222584873843184,inv_var_weights,9
0.9175049127081141,inv_var_weights,9
0.9285225570565151,inv_var_weights,9
0.9236037557305079,inv_var_weights,9
0.9216430057504575,inv_var_weights,9
0.9254001989783754,inv_var_weights,9
0.9247276482601174,inv_var_weights,9
0.9227782304412524,inv_var_weights,9
0.9226581067608278,inv_var_weights,9
0.9197879001485937,inv_var_weights,9
0.9195568072818717,inv_var_weights,9
0.9205487716598092,inv_var_weights,9
0.9244654313096689,inv_var_weights,9
0.9197569843504978,inv_var_weights,9
0.9264743668908172,inv_var_weights,9
0.9219089319314898,inv_var_weights,9
0.9270532533363498,inv_var_weights,9
0.9257784490043699,inv_var_weights,9
0.9222900526416468,inv_var_weights,9
0.9249481236273761,inv_var_weights,9
0.9231089052739114,inv_var_weights,9
0.9284553146506229,inv_var_weights,9
0.9235530820962715,inv_var_weights,9
0.931832272564576,inv_var_weights,9
0.9225384663004556,inv_var_weights,9
0.9237669153215131,inv_var_weights,9
0.9229139720514411,inv_var_weights,9
0.9285991532440425,inv_var_weights,9
0.9224664250588173,inv_var_weights,9
0.9224679083173962,inv_var_weights,9
0.9202449935804232,inv_var_weights,9
0.9242225719636833,inv_var_weights,9
0.9185509081397859,inv_var_weights,9
0.9251630626547044,inv_var_weights,9
0.9247501111751136,inv_var_weights,9
0.9310209849921917,inv_var_weights,9
0.9251183604653092,inv_var_weights,9
0.9196369150084928,inv_var_weights,9
0.91759262507907,inv_var_weights,9
0.9231261537647967,inv_var_weights,9
0.9238675950481541,inv_var_weights,9
0.9269960206101722,inv_var_weights,9
0.9196253368421652,inv_var_weights,9
0.9714658903194482,inv_rmse_weights,9
0.9759993720908237,inv_rmse_weights,9
0.9661501570373112,inv_rmse_weights,9
0.9719871842982721,inv_rmse_weights,9
0.9716869662895563,inv_rmse_weights,9
0.9632227096578868,inv_rmse_weights,9
0.9690872623939506,inv_rmse_weights,9
0.9753358057117085,inv_rmse_weights,9
0.9695290627159002,inv_rmse_weights,9
0.97204133547733,inv_rmse_weights,9
0.9743752238112101,inv_rmse_weights,9
0.9614816521767816,inv_rmse_weights,9
0.9675008038862823,inv_rmse_weights,9
0.9641743192580509,inv_rmse_weights,9
0.9741219512700737,inv_rmse_weights,9
0.9729306326095372,inv_rmse_weights,9
0.9698875998946814,inv_rmse_weights,9
0.9717876379463963,inv_rmse_weights,9
0.9674296273199336,inv_rmse_weights,9
0.9705156702573976,inv_rmse_weights,9
0.9669358485629267,inv_rmse_weights,9
0.9675509556586265,inv_rmse_weights,9
0.9665463971894293,inv_rmse_weights,9
0.9715189564711182,inv_rmse_weights,9
0.9689109771312963,inv_rmse_weights,9
0.9697208815181614,inv_rmse_weights,9
0.9634156644632362,inv_rmse_weights,9
0.972448540825392,inv_rmse_weights,9
0.9732291541814608,inv_rmse_weights,9
0.9737887953861921,inv_rmse_weights,9
0.9710194601259435,inv_rmse_weights,9
0.9704832760535756,inv_rmse_weights,9
0.969586287868284,inv_rmse_weights,9
0.9660684541947405,inv_rmse_weights,9
0.9740054160828344,inv_rmse_weights,9
0.9688985883866896,inv_rmse_weights,9
0.9728904907889452,inv_rmse_weights,9
0.9621681704695781,inv_rmse_weights,9
0.9696834878205589,inv_rmse_weights,9
0.9748198144568793,inv_rmse_weights,9
0.968010217498379,inv_rmse_weights,9
0.9761610598428957,inv_rmse_weights,9
0.9637329654033929,inv_rmse_weights,9
0.9685603730991443,inv_rmse_weights,9
0.9653791948719758,inv_rmse_weights,9
0.9683507365817635,inv_rmse_weights,9
0.9657394138071501,inv_rmse_weights,9
0.9743591172556159,inv_rmse_weights,9
0.9685561548412922,inv_rmse_weights,9
0.9678765792172663,inv_rmse_weights,9
0.9275704588780851,uniform_weights,10
0.9219125984127345,uniform_weights,10
0.9284265406846277,uniform_weights,10
0.9419442888083395,uniform_weights,10
0.9266569396421109,uniform_weights,10
0.9282779265659751,uniform_weights,10
0.9313409511265248,uniform_weights,10
0.9219637991040299,uniform_weights,10
0.9242351136359309,uniform_weights,10
0.9335371358780219,uniform_weights,10
0.9342191329024997,uniform_weights,10
0.9273520736446096,uniform_weights,10
0.9205054620315901,uniform_weights,10
0.933300152262614,uniform_weights,10
0.928967614289649,uniform_weights,10
0.9308701149889564,uniform_weights,10
0.9338968434949595,uniform_weights,10
0.9211663406384831,uniform_weights,10
0.9278007661439985,uniform_weights,10
0.936877778235462,uniform_weights,10
0.9248690772192539,uniform_weights,10
0.9289588735885386,uniform_weights,10
0.9307154783122517,uniform_weights,10
0.9301484887005504,uniform_weights,10
0.9303089666728414,uniform_weights,10
0.9253718720290471,uniform_weights,10
0.9319877724853862,uniform_weights,10
0.9306767605770269,uniform_weights,10
0.9228539264741502,uniform_weights,10
0.9333471095065956,uniform_weights,10
0.9323201728648355,uniform_weights,10
0.9377442734684515,uniform_weights,10
0.9294856515595576,uniform_weights,10
0.9365690289270301,uniform_weights,10
0.926102775565304,uniform_weights,10
0.9209608008294143,uniform_weights,10
0.9301036440679079,uniform_weights,10
0.929393188309727,uniform_weights,10
0.9234985915284193,uniform_weights,10
0.9269756076202766,uniform_weights,10
0.9254022516105485,uniform_weights,10
0.9205771192395981,uniform_weights,10
0.9289789288824041,uniform_weights,10
0.928842388057002,uniform_weights,10
0.9306016632740429,uniform_weights,10
0.9346233889608901,uniform_weights,10
0.9323839040349595,uniform_weights,10
0.9275033401357017,uniform_weights,10
0.9276135436433373,uniform_weights,10
0.9327067464501058,uniform_weights,10
0.9259017140743054,uniform_by_type_weights,10
0.9280796405897113,uniform_by_type_weights,10
0.9313030112370623,uniform_by_type_weights,10
0.9324396749453598,uniform_by_type_weights,10
0.9315965156696372,uniform_by_type_weights,10
0.9253785025457053,uniform_by_type_weights,10
0.9284840821612999,uniform_by_type_weights,10
0.9290358238475244,uniform_by_type_weights,10
0.9213685409094131,uniform_by_type_weights,10
0.9281770865019835,uniform_by_type_weights,10
0.9302021991682757,uniform_by_type_weights,10
0.9256932182814263,uniform_by_type_weights,10
0.9274253401966104,uniform_by_type_weights,10
0.9274560400622184,uniform_by_type_weights,10
0.9292567461105633,uniform_by_type_weights,10
0.9300852661648885,uniform_by_type_weights,10
0.9258813965135156,uniform_by_type_weights,10
0.9323337366457034,uniform_by_type_weights,10
0.9296185654388686,uniform_by_type_weights,10
0.930029604431163,uniform_by_type_weights,10
0.9319699855142257,uniform_by_type_weights,10
0.9245972350216521,uniform_by_type_weights,10
0.936213818325618,uniform_by_type_weights,10
0.9254705717353643,uniform_by_type_weights,10
0.9219657686911943,uniform_by_type_weights,10
0.9261214020602734,uniform_by_type_weights,10
0.9278520273602189,uniform_by_type_weights,10
0.9241172776951819,uniform_by_type_weights,10
0.9274982521173567,uniform_by_type_weights,10
0.9314075161707751,uniform_by_type_weights,10
0.9270328903838491,uniform_by_type_weights,10
0.9297013274163486,uniform_by_type_weights,10
0.9266003850325317,uniform_by_type_weights,10
0.9310708711564083,uniform_by_type_weights,10
0.9317820263873352,uniform_by_type_weights,10
0.9360341517056949,uniform_by_type_weights,10
0.9303934475921679,uniform_by_type_weights,10
0.9263189417155266,uniform_by_type_weights,10
0.9313054459969691,uniform_by_type_weights,10
0.9266692589053922,uniform_by_type_weights,10
0.9309472169723311,uniform_by_type_weights,10
0.9395665817123648,uniform_by_type_weights,10
0.9338025837427864,uniform_by_type_weights,10
0.9293859146631316,uniform_by_type_weights,10
0.9274591293321757,uniform_by_type_weights,10
0.9254764904675383,uniform_by_type_weights,10
0.9294527337493452,uniform_by_type_weights,10
0.9332945844190715,uniform_by_type_weights,10
0.933740060011278,uniform_by_type_weights,10
0.9281324309702461,uniform_by_type_weights,10
0.9234555878212939,inv_std_weights,10
0.9190333385413589,inv_std_weights,10
0.9194736026721019,inv_std_weights,10
0.9186079016735365,inv_std_weights,10
0.92897881636928,inv_std_weights,10
0.9246026292195265,inv_std_weights,10
0.9236900747542088,inv_std_weights,10
0.9282813925036243,inv_std_weights,10
0.9297480409213852,inv_std_weights,10
0.921275497010596,inv_std_weights,10
0.9291769088438598,inv_std_weights,10
0.9263905847792293,inv_std_weights,10
0.927632804162838,inv_std_weights,10
0.9188333820433596,inv_std_weights,10
0.9241115251554695,inv_std_weights,10
0.9208980233990669,inv_std_weights,10
0.9294423636311404,inv_std_weights,10
0.9290211936145552,inv_std_weights,10
0.923696315164424,inv_std_weights,10
0.9247533286353669,inv_std_weights,10
0.9211662452353181,inv_std_weights,10
0.9184596328198954,inv_std_weights,10
0.923544928492022,inv_std_weights,10
0.927719959784803,inv_std_weights,10
0.9264476660337144,inv_std_weights,10
0.9271228260899443,inv_std_weights,10
0.9312294604716278,inv_std_weights,10
0.9312849568956113,inv_std_weights,10
0.9274663614215238,inv_std_weights,10
0.9242226690392955,inv_std_weights,10
0.9249920382248226,inv_std_weights,10
0.9278453929345851,inv_std_weights,10
0.9271574997212413,inv_std_weights,10
0.9255900798185578,inv_std_weights,10
0.9257305358935203,inv_std_weights,10
0.9295480544988941,inv_std_weights,10
0.9290152493736293,inv_std_weights,10
0.9248090582517159,inv_std_weights,10
0.9327866392351958,inv_std_weights,10
0.9212931326038644,inv_std_weights,10
0.9260203011274315,inv_std_weights,10
0.9197414532421284,inv_std_weights,10
0.9264521320732106,inv_std_weights,10
0.9281123443346616,inv_std_weights,10
0.928547307623144,inv_std_weights,10
0.9249124004605712,inv_std_weights,10
0.9275954254058749,inv_std_weights,10
0.9238184137978704,inv_std_weights,10
0.9266352306232342,inv_std_weights,10
0.9275595709211866,inv_std_weights,10
0.9224368798712584,inv_var_weights,10
0.920489299613303,inv_var_weights,10
0.9225872540319464,inv_var_weights,10
0.9259617098943717,inv_var_weights,10
0.924906979326491,inv_var_weights,10
0.9229148013664223,inv_var_weights,10
0.9191983545302194,inv_var_weights,10
0.9286203784607789,inv_var_weights,10
0.9239572528175297,inv_var_weights,10
0.9233360867845789,inv_var_weights,10
0.9252334035480034,inv_var_weights,10
0.9196925593246289,inv_var_weights,10
0.922224258191946,inv_var_weights,10
0.923942831697107,inv_var_weights,10
0.9245904098413612,inv_var_weights,10
0.923259540506961,inv_var_weights,10
0.9193277671600054,inv_var_weights,10
0.9257895302709604,inv_var_weights,10
0.9223533046299156,inv_var_weights,10
0.923978338098037,inv_var_weights,10
0.9260547108232453,inv_var_weights,10
0.9224036968048297,inv_var_weights,10
0.9275796362803078,inv_var_weights,10
0.9199164221162894,inv_var_weights,10
0.9295415350026011,inv_var_weights,10
0.9219481916192921,inv_var_weights,10
0.9202653968735937,inv_var_weights,10
0.9269273774000363,inv_var_weights,10
0.9229045170441581,inv_var_weights,10
0.9248043693331471,inv_var_weights,10
0.921191377258855,inv_var_weights,10
0.9262275681166624,inv_var_weights,10
0.9210897905845146,inv_var_weights,10
0.9256567021737521,inv_var_weights,10
0.9235418293734486,inv_var_weights,10
0.9230175097456845,inv_var_weights,10
0.9195900840805302,inv_var_weights,10
0.9244900717276429,inv_var_weights,10
0.9234081238363256,inv_var_weights,10
0.9140664371426415,inv_var_weights,10
0.9220669574753053,inv_var_weights,10
0.9235896006214461,inv_var_weights,10
0.9189603106307462,inv_var_weights,10
0.9243879632140125,inv_var_weights,10
0.9192619071918549,inv_var_weights,10
0.9252947760838042,inv_var_weights,10
0.9283276499915049,inv_var_weights,10
0.9233388712503442,inv_var_weights,10
0.9239533053470975,inv_var_weights,10
0.9309218934430746,inv_var_weights,10
0.9705176070179635,inv_rmse_weights,10
0.9694383390440146,inv_rmse_weights,10
0.9686627080003015,inv_rmse_weights,10
0.9688233756667822,inv_rmse_weights,10
0.9699987620204523,inv_rmse_weights,10
0.9664435441947796,inv_rmse_weights,10
0.9716671407551303,inv_rmse_weights,10
0.9702591113275473,inv_rmse_weights,10
0.9699562292662086,inv_rmse_weights,10
0.965303515293481,inv_rmse_weights,10
0.9691329362671073,inv_rmse_weights,10
0.977642880367445,inv_rmse_weights,10
0.9728834680206345,inv_rmse_weights,10
0.9680982880682779,inv_rmse_weights,10
0.9728525655224466,inv_rmse_weights,10
0.9679167869688735,inv_rmse_weights,10
0.9676589885894725,inv_rmse_weights,10
0.9753318046713052,inv_rmse_weights,10
0.9757665291338162,inv_rmse_weights,10
0.9644839533286619,inv_rmse_weights,10
0.9721485720602303,inv_rmse_weights,10
0.9745856484426382,inv_rmse_weights,10
0.9679492602293917,inv_rmse_weights,10
0.9696211528318115,inv_rmse_weights,10
0.968132887235727,inv_rmse_weights,10
0.9668369759940116,inv_rmse_weights,10
0.9745183099378371,inv_rmse_weights,10
0.9707207757564843,inv_rmse_weights,10
0.9657226903305449,inv_rmse_weights,10
0.9712650355344493,inv_rmse_weights,10
0.9745142304845833,inv_rmse_weights,10
0.9673011645002865,inv_rmse_weights,10
0.9747856091133108,inv_rmse_weights,10
0.9710302747761668,inv_rmse_weights,10
0.9674445023620307,inv_rmse_weights,10
0.9736982667167352,inv_rmse_weights,10
0.9695238990824822,inv_rmse_weights,10
0.9681499061317331,inv_rmse_weights,10
0.9693861431110046,inv_rmse_weights,10
0.9709665346764017,inv_rmse_weights,10
0.9699911664098685,inv_rmse_weights,10
0.9713771986171189,inv_rmse_weights,10
0.970625486102463,inv_rmse_weights,10
0.9686382106561146,inv_rmse_weights,10
0.9730241732445424,inv_rmse_weights,10
0.975128879135036,inv_rmse_weights,10
0.9784371338270246,inv_rmse_weights,10
0.9643358492751779,inv_rmse_weights,10
0.9692769258462167,inv_rmse_weights,10
0.9679806807720803,inv_rmse_weights,10
